Class,D11001,D11002,D11003,D11005,D11006,D11007,D11008,D11009,D11010,D11012,D11013,D11014,D11016,D11017,D11019,D11021,D11022,D11023,D11025,D11030,D11031,D11032,D11037,D11038,D11039,D11042,D11043,D11045,D11048,D11049,D11055,D11058,D11064,D11070,D11077,D11088,D11095,D11096,D11100,D11101,D11144,D11145,D11148,D11155,D11156,D11157,D11158,D11159,D11161,D11162,D11163,D11165,D11180,D11183,D11184,D11185,D11187,D11188,D11189,D11192,D11193,D11194,D11195,D11196,D12004,D12005,D12007,D12013,D12014,D12015,D12016,D12017,D12020,D12021,D12022,D12023,D12027,D12028,D12029,D12030,D12031,D12032,D12034,D12035,D12036,D12037,D12038,D12039,D12040,D12041,D12042,D12043,D12044,D12045,D12046,D12047,D12048,D12049,D12050,D12052,D12055,D12057,D12058,D12059,D12060,D12061,D12064,D13001,D13002,D13003,D13004,D13005,D13006,D13007,D13008,D13009,D13010,D13011,D13012,D13013,D13014,D13015,D13016,D13018,D13020,D13021,D13022,D13023,D13025,D13026,D13027,D13028,D13029,D13030,D13031,D13032,D13033,D13034,D13035,D13036,D13037,D13038,D13039,D13040,D13041,D13042,D13043,D13044,D13045,D13046,D13048,D13050,D13051,D13052,D13053,D13054,D13055,D13056,D13058,D13060,D13061,D13063,D13065,D13067,D13068,D13069,D13070,D13071,D13072,D13073,D13074,D13075,D13076,D13077,D13078,D13079,D13080,D13081,D13082,D13083,D13084,D13085,D13087,D13088,D13089,D13090,D13091,D13092,D13093,D13094,D13095,D13096,D13097,D13098,D13099,D13100,D13101,D13102,D13103,D13104,D13105,D13106,D13108,D13109,D13110,D13111,D13112,D13113,D13114,D13115,D13116,D13117,D13118,D13119,D13120,D13121,D13122,D13123,D13124,D13125,D13126,D13127,D13128,D13129,D13130,D13131,D13132,D13133,D13134,D13136,D13138,D13139,D13140,D13141,D13142,D13143,D13144,D13145,D13147,D13149,D13150,D13151,D13152,D13153,D13154,D13155,D13156,D13157,D13158,D13159,D13160,D13162,D13163,D13164,D13165,D13166,D13167,D13169,D13170,D13172,D13173,D13174,D13176,D13177,D13178,D13181,D13182,D13184,D13185,D13186,D13187,D13188,D13189,D13190,D13191,D21001,D21002,D21003,D21005,D21007,D21008,D21009,D21012,D21013,D21014,D21015,D21018,D21019,D21020,D21021,D21022,D21024,D21025,D21026,D21027,D21028,D21029,D21030,D21032,D21036,D21038,D21039,D21040,D21041,D21043,D21045,D21046,D21047,D21048,D21049,D21050,D21054,D21055,D21056,D21057,D21058,D21059,D21060,D21061,D21062,D21063,D21064,D21065,D21066,D21067,D21068,D21069,D21070,D21071,D21072,D21074,D21075,D21076,D21077,D21078,D21080,D21081,D21084,D21085,D21086,D21087,D21088,D21089,D21090,D21091,D21092,D21093,D21095,D21096,D21097,D21098,D21099,D21100,D21101,D21102,D21103,D21104,D21106,D21107,D21108,D21109,D21110,D21111,D21112,D21113,D21114,D21115,D21116,D21117,D21118,D21119,D21120,D21121,D21122,D21124,D21125,D21126,D21127,D21128,D21131,D21132,D21133,D21134,D21136,D21137,D21138,D21139,D21140,D21141,D21142,D21145,D21146,D21147,D21149,D21150,D21151,D21152,D21153,D21154,D21155,D21156,D21157,D21158,D21159,D21160,D21161,D21162,D21163,D21164,D21165,D21166,D21168,D21169,D21170,D21171,D21172,D21173,D21174,D21175,D21176,D21177,D21178,D21179,D21180,D21181,D21182,D21183,D21184,D21185,D21186,D21187,D21189,D21190,D21191,D21194,D21196,D21197,D21198,D21199,D21200,D22003,D22004,D22005,D22006,D22012,D22013,D22019,D22021,D22022,D22025,D22027,D22028,D22061,D22068,D22109,D22117,D22118,D22170,All
Clostridia,30.8,22.2,29.8,45.1,25.8,31.1,37.8,18,7.83,1.45,17.5,25.4,15.4,37,14,14.5,75.8,19.9,14.3,12.7,21.9,11.2,23.3,24.6,36.8,10.1,15.6,34.4,16.4,17.8,20.9,27.8,17.1,43.6,33.5,31.1,43.1,25.4,17.5,13,18.3,24.6,21.3,17.8,23.5,44.6,27.6,38.2,34.9,23,27.6,3.44,27.3,11.3,39.4,33.1,20.2,18.4,17.5,38.4,23.5,24.4,10.5,16.3,25.1,4.05,9.76,17.4,47.6,23.1,25.8,36.6,32.9,34.1,25.8,19.8,17.3,16.8,55,15.2,1.12,28.6,25,17.1,21.6,20.3,15.8,16.2,12.7,26.6,21.1,38.7,19.4,55.6,18.8,24.2,24.4,16.5,18,9.3,28.2,23.1,28.4,30.1,25.8,27.4,12.9,27.7,29,36.8,20.5,14.7,44.5,16.2,48.2,36.6,18.8,14.1,25.9,21.9,13.5,12.2,24,32.5,31.7,40.8,72.6,23.3,21.6,17.7,18.7,31.1,20.8,17.9,21.5,28.4,40.6,20.3,20.1,32.8,66.4,14.1,24.6,37.1,23.9,16.1,38.4,20,23.5,21.2,31.6,22.1,29.6,52.1,20.7,1.76,29.1,14.8,34.4,22.9,18.5,24.7,27,28.9,23.2,30.5,21.5,36,23,29.3,34.5,45.1,52.9,23.9,26.2,23.1,36.4,47.9,25.6,17.1,13.4,29.7,17.1,21.6,27.1,25.2,26.8,20.9,31.7,8.39,26.2,13.9,21.3,20.5,8.66,17.4,35.1,21.6,12,20.8,29.5,26.9,42.8,15.1,24.7,32.2,32.5,17.4,26,31.2,37.4,25.2,14.8,30.3,50.3,13.8,28.9,12.2,17.4,17,57.3,10.3,18.7,23.5,17.3,22.7,39.8,19.4,29.3,25.4,34,41.7,26.8,34.8,31.5,10.3,6.96,12.7,31.5,26.1,17.1,25.2,42.8,22.1,36.6,53.2,20.9,12.3,47.6,20.1,8.34,33.9,17.5,24.8,14.8,18,22.6,20.3,17.8,28,30.9,28.1,33.5,14.3,12,13.3,24.1,21.4,31.1,15.6,27,39.3,39.7,14.8,23,38.8,33,31.2,36.1,17.4,46.7,40.1,16.3,24.1,14,22.9,9.24,3.69,12.2,27.4,34.3,34.2,27.2,13.6,18.9,16.9,10.5,34.6,31.2,39.5,27.4,15.6,24.9,31.6,26,29.7,28,15.4,20.6,11.3,53.2,15.4,13.7,10.2,20.6,7.55,17.6,11.3,17.4,8.17,13.9,14.6,7.29,7.36,7.92,9.18,8.09,14.8,8.09,21.2,12.4,22.7,19.9,15.6,18.1,10.6,14.8,12.3,7.75,8.79,6.89,9.63,8.11,24.1,20.8,9.32,23.1,19.9,26.6,44.8,11.9,20.8,31.1,21.8,34.6,30.2,28.8,20.1,21.5,21.4,25.6,45.2,21.3,22.6,31.3,23.6,18.4,26.4,29.9,22.9,17.9,24.5,18.9,24.3,19.6,38.2,29.4,36.7,35.2,27.6,25,21.6,19.5,22.5,27.2,29,33.3,35,29.9,29.6,29.8,37.1,33.5,27.8,25.4,2.87,15.8,20.7,31.2,11,3.04,15.9,3.35,22,19.7,28,29.6,27.5,28.2,29.8,3.12,22.4,33.7,13,4.19,15.3,21.3,11.2,27.7,35.1,19.3,13,13.2,11,11.9,19.1,36.1,17.7,18.2,24.6,34.7,14.8,17,17.6,13,25.1,22.9,35.5,24.7,12.2,25.5,58,35,19.2,18.8,30.3,42.1,28.3,13.8,51.4,37.9,15.7,22,18.8,29.8,15.2,24.6,4.07,45.9
Bacteroidia,52.5,27.6,61,17.3,54.2,60.5,41.6,75.8,25.1,29.3,76.1,56.5,65.1,20.9,81.6,70.6,9.57,60.9,49.9,75.1,61.4,33.1,67.1,61.5,51.5,74.7,76.2,53.8,72.6,77.7,71.7,43.4,63.1,52,57.6,48.6,46.6,51.9,66.4,60.6,73.2,33.5,58.1,48.3,60,39.6,61.7,34.8,43.5,59.5,67.3,58.9,68.8,45.7,55.9,58.7,64.3,76,72.4,50.9,53.2,63.7,81.2,62.6,51.6,74.4,18.6,73.9,38.9,71.8,57.8,62.3,39.1,28.2,55.4,72.3,76,44.5,0.608,63.3,43.5,63.7,66.2,70.1,55.7,70.3,75.2,67,71,58.4,59.4,48.6,51.8,9.43,52.7,68.2,42.2,75.8,68.3,75,61.3,32.9,25.4,55.2,62.5,68.1,61.1,60.4,56.7,45.2,72.8,70.1,47.9,31.4,33.3,57.5,59.4,43.1,39.8,69.5,46.8,53.9,66.6,59.4,51.1,55.2,15.1,68.6,54.4,71.4,68.1,56.6,57.3,76.8,39.6,55.2,47.6,60.6,60.7,44.4,30,72.9,64.3,50.6,50.6,52.5,57.8,65.5,71,68.2,55.5,70.5,62.2,41,62.1,0.965,58.5,72.5,56.3,63.1,75.5,60.8,47.3,53.5,66.8,48.5,44.6,45.2,56.1,66.1,18.3,35.4,22,64.8,52.9,67.4,56.3,46.5,53.1,57.1,3,56.6,66,68.4,65.1,55.5,53.9,57.4,39.6,44.8,50.6,70.1,46.5,66,68,66.1,57.7,68.9,48.9,55.4,51.5,53.1,35.7,73.3,56.4,57.2,48.9,74.7,54.9,44.9,41.5,58.3,67.4,51.9,42.6,74.4,60.6,67.7,50.2,65.2,20.8,79.4,68.7,42.6,69.1,62.4,45.1,66,54.3,67,50.6,45.2,65.3,57.3,62.9,81.3,78.5,39.6,53.5,68.4,54.4,67.9,55,60.4,46.6,39.4,71.6,81.1,12.2,75.1,0.412,55.7,50,65.9,70.7,51.4,50.5,70.9,71.4,66.4,52.8,58.2,59.4,70.5,83.7,65.3,65.9,63.7,48.1,72.5,63.3,56.5,43.4,46.9,66.6,58.8,58.1,60.1,59.3,52.2,46.7,31.1,74.8,62.4,81.5,61.4,44.5,24.2,75,24.3,56.5,50.2,60.3,73.6,42.1,62.2,70.1,53.1,49.4,55.3,49.6,59.4,64.5,60.5,44.1,55.7,55.3,73.3,50.7,73.1,42.4,68.4,67.2,73.2,60.5,84.5,60.4,64.8,69.2,81.1,64.2,66.2,66.9,88.7,85.1,80.8,83.4,61.8,87.2,63.9,60.5,59.3,62.8,75.5,67.8,64.6,65.9,70.3,81.6,81.7,88.3,73.4,85.3,59,65.5,77.2,66.9,65.8,67.9,48.2,68.7,56.5,61.5,55.6,54.6,61.5,57.9,65.1,61.9,61,57.8,50.1,67.1,70.1,62.3,59.5,47.8,52.6,38.8,50.2,56.9,65.4,65.1,63.6,68,54.6,38.4,54.7,59.1,58.5,48.7,43.2,68.7,50.7,59.3,39.3,21.6,41.5,4.44,45.6,3.99,28.2,13,48.9,61.7,14.4,78.6,66.7,55.7,83.4,5.75,74.4,1.7,67.7,71.2,57.8,35.2,50.4,66.1,63.9,3.23,72.9,61.7,80.8,6.79,75.6,70.9,74.1,56.8,11,73.4,78.8,80.1,82.7,80,76.9,25.4,74.5,74.4,69.7,13.7,79.7,76.5,76.4,81.6,68.6,71.7,58.5,67.6,58.6,68.4,35.3,53.9,72.9,17.1,66.3,52.7,61.1,72.3,39.9,54.5,78.5,63.8,66,63.3,79.6,50.4,66.1,25.4
Negativicutes,6.17,0.221,0.615,0.262,13.7,2.47,11.5,1.77,0.608,1.28,0.796,11.8,5.59,33.6,0.717,0.41,0.49,0.487,1.09,0.848,0.467,0.208,1.08,0.583,0.442,1.47,0.4,1.42,0.35,0.246,2.4,1.16,2.65,0.417,0.831,16.9,2.01,2,8.27,15.3,0.888,4.54,10.4,1.43,1.61,1.73,3.86,3.12,13.6,2.23,1.23,0.352,0.0962,3.73,0.49,1.17,0.65,0.781,0.831,0.338,5.37,0.265,1.29,1.83,2.67,13.1,2.44,2.39,1.13,0.206,0.202,0.0788,1.02,7.56,1.15,0.933,1.9,3.54,11.1,0.29,2.26,1.45,0.337,0.756,4.19,4.85,0.162,0.963,3.33,0.96,10.8,1.28,22.4,0.975,0.869,0.31,21.6,0.838,1.7,0.144,4.63,14.1,0.646,0.856,0.421,1.66,0.683,1.28,8.82,1.44,0.246,1.38,1.24,0.194,0.71,0.638,6.77,1.92,18.5,0.802,1.64,1.3,0.648,1.34,0.921,0.66,1.09,1.88,1.59,0.767,0.954,1.05,1.89,0.887,1,1.28,6.87,5.55,1.01,6.55,0.275,4.4,6.53,0.508,1.92,1.39,0.154,1.41,0.244,5.49,1.39,1.01,3.54,0.252,3.62,0.0673,1.11,0.0846,3.9,1.72,1.82,3.93,0.583,3.11,2.1,7.21,0.796,0.913,6.27,0.838,0.423,3.22,3.15,7.28,0.806,0.227,1.48,0.427,2.48,15.7,0.248,1.73,7.08,4.63,1.83,1.36,0.663,0.517,16,0.775,5.87,5.86,10.5,0.548,1.88,1.42,0.66,1.37,9.78,6.12,1.35,4.82,0.521,0.827,1.37,1.35,2.87,0.942,1.44,2.27,4.01,3.38,1.16,3,0.954,2.53,6.12,16.8,5.54,1.88,2.22,0.944,3.14,0.683,2.83,1.31,0.61,2.86,0.904,0.754,0.835,1.37,0.463,2.09,1.81,4.02,0.175,13.9,0.396,2.52,8.43,4.71,0.781,1.01,5.15,1.11,1.51,0.512,10.1,1.18,34.6,4.07,14,3.27,1.27,3.34,13,0.348,5.83,1.2,1.87,1.4,2.4,9.56,0.662,11.5,0.802,1.47,8.25,3.14,5.33,0.54,0.902,17.2,1.46,0.431,2.16,1.06,1.24,0.221,0.8,1.18,6.19,5.83,2.55,1.41,2.78,1.68,0.273,37.1,3.76,1.59,3.27,7.07,1.15,8.74,0.788,1.19,5.25,0.337,0.852,19.3,0.187,2.77,16.2,2.98,0.525,7.08,17.5,0.381,0.181,13.2,16.1,13.5,16.4,6.65,19.3,16.3,9.94,10,16.6,14,23.3,2.93,6.16,8.85,7.33,18.8,3.6,11.2,22.4,14,14.2,5.44,11.4,20.7,16.2,12.4,9.98,8.83,3.9,14.9,5.11,14.7,11.3,12.7,6.98,8.1,2.54,3.17,11.4,0.948,0.685,17,0.477,0.356,0.367,0.55,0.921,0.429,0.227,1.61,0.308,0.256,1.33,0.4,0.798,0.663,0.417,0.74,0.902,0.438,1,4.51,0.627,2.44,0.529,1.5,1.62,0.306,0.538,0.448,1.14,0.494,0.554,0.296,1.36,2.17,1.3,3.62,1.01,1.12,1.61,1.38,0.758,19.6,1.58,0.4,1.11,1.98,21,4.4,7.86,4.57,0.66,0.885,0.76,1.1,1.26,2.85,7.34,1.21,1.88,2.47,7.42,4.29,2.34,9.6,0.673,0.998,1.63,4.86,1.68,3.37,3.83,0.858,0.873,3,1.83,3.53,1.1,2.49,2.14,2.61,1.42,2.7,1.83,1.03,1.36,0.131,1.4,0.252,1.65,1.99,0.687,1.07,0.188,2.48,8.86,3.32,0.663,1.64,0.912,3.03,2.61,1.38,1.2,10.7,5.4
Gammaproteobacteria,3.52,4.96,1.66,1.66,2.19,1.58,3.3,2,34.8,34.1,0.39,0.762,12.6,3.34,0.419,1.61,0.488,7.14,26.6,1.43,1.61,42.8,2.89,9.76,7.6,0.363,0.719,5.73,0.35,1.02,0.419,2.6,4.56,1.69,3.31,1.69,0.854,16.5,0.988,0.754,0.212,0.513,5.17,26.1,5.8,11.1,1.27,0.902,1.12,9.52,1.65,30.9,3.08,4.26,0.523,2.12,2.23,1.7,0.581,3.41,5.52,3.81,0.488,16.6,0.981,0.188,46.3,0.177,0.248,1.22,8.6,0.119,1.66,10.8,5.3,0.244,0.285,1.93,22.4,3.83,52.6,0.2,4.89,2.15,9.17,1.38,0.306,7.11,1.53,0.383,1.51,8.69,1.19,16.5,12,6.6,2.9,0.719,1.76,14.5,1.01,3.96,0.981,9.15,10.5,0.283,20.2,4.05,0.467,1.84,3.6,7.96,2.98,48.7,6.29,3.49,3.26,18.4,3.04,1.94,32.3,25.6,0.806,1.39,0.56,1.19,4.19,2.74,5.42,8.12,8.38,4.23,18.2,0.469,4.2,1.16,0.75,0.587,10.1,3.92,0.252,2.94,1.11,0.913,5.46,27.2,0.881,0.41,1.03,1.98,4.74,0.987,0.348,0.962,0.408,77.5,6.42,10.6,0.987,9.54,1.5,3.07,6.1,5.62,2.37,0.765,13,4.73,9.89,0.288,29.6,6.08,9.34,1,5.67,6.18,2.83,2.77,12.9,2.77,0.508,0.983,0.633,0.533,3.31,12.1,3.12,15,2.54,41.9,10.5,3.45,16.1,5.72,4.35,1.64,0.552,1.52,3.95,2.86,14.3,6.45,4.87,6.72,1.34,2.69,0.677,0.402,2.75,0.623,0.635,0.619,8.75,1.79,0.265,3.32,0.819,0.521,2.6,13.2,5.74,1.02,0.933,8.89,3.62,0.879,4.83,6.23,1.27,0.973,6.1,2.08,0.892,1.09,0.565,1.88,6.52,2.75,4.89,0.333,11.1,0.683,0.169,1.73,0.583,3.38,0.523,0.165,16.6,2.59,4.14,0.465,2.55,1.52,3.77,2.77,0.315,2.82,2.92,0.225,2.52,0.875,1.86,0.462,0.6,1.87,0.463,1.89,4.42,4.55,0.394,0.981,4.21,1.12,1.4,0.215,3.31,1.58,0.369,28.6,0.523,1.24,0.233,3.97,0.504,11.7,18.1,69.4,7.55,2.33,0.263,5.68,0.192,4.08,28.9,6.45,15.2,10.1,12.7,0.642,1.87,0.925,1.99,1.28,4.84,0.375,7.58,0.725,2.64,13.7,3.71,0.308,0.229,0.246,0.3,0.154,0.198,0.267,0.194,0.133,0.213,0.26,0.133,0.0596,0.0692,0.127,0.0769,0.254,0.16,0.265,0.198,0.233,0.212,0.146,0.206,0.302,0.171,0.19,0.0423,0.0692,0.0712,0.131,0.0827,0.212,0.152,0.0423,0.202,4.3,0.91,1.86,5.48,1.92,2.99,3.47,3.03,0.813,2.01,0.873,2.74,1.38,2.88,0.938,0.765,0.854,0.606,0.604,1.28,2,1.32,0.835,1.93,1.88,0.725,4.2,0.69,1.73,1.87,1.27,1.41,1.27,1.57,7.24,3.15,4,2.1,4.18,5.35,5.15,7.73,3.12,10.4,5.65,9.03,7.07,3.42,38.2,0.479,3.62,3.19,1.03,41.2,0.527,57.7,0.994,1.66,6.33,12.5,7.26,1.32,1.19,44.2,0.942,0.829,0.704,51,0.887,1.85,2.97,7.13,20.6,0.923,2.13,1.71,0.398,2.29,0.762,11.3,1.71,0.415,0.423,17.1,0.377,1.98,0.571,0.406,0.608,0.785,1.33,0.875,18.6,0.612,4.35,4.55,1.77,39.2,1.07,2.02,0.244,3.91,1.2,3.21,1.67,1.55,1.7,3.71,0.59,19.3,4.53,4.5
Erysipelotrichia,1.64,1.6,0.425,7.59,0.729,0.788,0.742,0.165,0.254,0.252,1.45,0.212,0.133,0.208,0.16,0.0846,5.73,0.221,0.223,5.11,6.01,9.71,0.867,0.725,0.56,0.206,0.0288,0.0538,0.24,0.281,0.213,0.369,0.387,0.292,0.292,0.435,0.687,0.0712,0.227,0.231,0.0442,0.142,0.175,0.344,0.273,0.106,0.988,0.325,0.231,1.38,0.0808,0.415,0.235,0.398,0.498,0.483,2.04,0.129,0.112,0.129,0.115,0.106,0.165,0.123,0.173,0.156,0.225,0.252,5.95,0.0865,0.652,0.0904,7.05,0.221,0.712,0.552,0.271,0.752,2.69,0.21,0.0173,0.602,0.16,0.277,0.419,0.0327,2.17,0.0654,0.142,1.45,0.0846,0.231,0.0942,1.01,0.24,0.106,0.0962,0.267,1.09,0.0788,0.112,3.3,2.24,0.967,0.0769,1.41,0.213,0.0673,1.9,0.335,1.22,0.363,0.169,0.223,0.6,0.0558,0.287,0.171,1.84,0.383,0.377,0.835,1.78,1.6,0.285,0.0577,0.125,0.0942,0.0788,0.26,0.0904,0.338,0.075,0.0327,0.481,0.294,0.0769,0.267,0.271,0.579,0.979,0.281,0.0423,0.0712,0.288,0.137,0.138,0.263,0.35,0.0519,0.163,0.685,0.2,0.0904,1.13,0.0212,0.558,0.133,0.265,0.377,0.367,0.179,0.602,0.204,0.571,4.68,0.379,0.194,0.637,0.115,0.606,0.16,0.177,0.0654,0.698,0.585,0.217,0.0865,0.725,0.0885,0.175,0.346,0.196,0.904,0.102,0.117,2.77,0.0731,0.702,0.0462,1.21,0.163,0.233,0.108,0.0827,0.171,0.431,0.0577,0.423,0.313,0.0423,0.16,0.581,0.127,0.177,0.285,0.39,0.1,0.202,0.206,0.31,0.181,0.19,0.337,0.342,0.246,0.0231,0.0288,0.0731,0.313,2.1,0.229,0.0519,0.398,0.167,0.263,0.0962,0.194,1.35,0.131,0.542,0.367,0.494,0.533,0.613,0.223,1.96,0.862,0.183,0.138,0.0442,0.156,0.0731,0.387,2.41,0.346,0.0962,0.148,0.312,0.127,0.0269,0.165,0.115,0.0538,0.525,0.115,0.0327,0.335,0.198,0.0442,0.112,1.21,0.0827,0.602,0.227,0.127,2.17,0.129,0.215,0.104,0.646,0.158,0.19,0.167,0.287,0.91,0.304,1,0.115,0.615,0.175,0.994,0.0981,0.0596,0.0577,0.0442,0.144,0.156,0.144,0.488,0.0904,0.515,1.38,0.188,0.192,0.298,0.0712,0.408,0.169,0.217,0.112,0.0154,0.567,0.113,0.41,1.31,0.915,0.0731,0.169,0.0404,0.0865,0.0385,0.0173,0.0212,0.0231,0.102,0.0173,0.0173,0.0442,0.152,0.0288,0.0462,0.05,0.152,0.0942,0.238,0.194,0.0115,0.146,0.0346,0.0308,0.0635,0.0154,0.0192,0.025,0.025,0.0327,0.0269,0.221,0.187,0.0788,0.00769,0.119,0.0423,0.0288,0.144,0.0269,0.323,0.221,0.337,0.538,0.508,0.442,0.263,0.431,0.348,0.285,0.148,0.321,0.319,0.215,0.375,0.312,0.379,0.565,0.292,0.194,0.329,0.4,0.296,0.283,0.312,0.129,1.14,0.325,0.287,0.383,0.319,0.313,0.348,0.248,0.323,0.265,0.256,0.196,0.263,0.252,0.9,0.529,0.479,0.523,0.356,0.279,1.01,0.481,0.025,1.29,0.294,0.504,0.892,0.05,1.54,0.0519,1.89,1.07,0.462,0.731,0.337,0.0962,1.4,0.0481,0.288,0.115,0.8,0.0365,1.97,2.22,0.142,0.44,0.483,2.29,0.0692,1.26,1.03,0.115,0.244,0.39,1.28,1.44,0.921,0.55,0.658,1.21,0.56,1.23,1.72,1.45,0.437,0.731,0.94,0.452,0.415,0.177,0.16,1.32,0.0712,1.64,0.794,0.283,0.113,0.129,0.0577,0.842,0.606,0.165,0.46,1.24,0.16,3.6
Bacilli,0.61,0.308,0.423,13.1,0.24,0.156,1.81,0.283,2.07,5.9,0.304,0.112,0.244,0.49,0.202,0.188,4.93,3.12,0.181,0.263,0.158,0.479,0.125,0.148,0.235,2.28,0.167,0.379,0.135,0.1,0.263,5.15,0.471,0.131,0.158,0.229,0.767,0.104,0.14,0.125,0.2,0.712,0.119,0.183,0.142,0.115,0.0942,10.7,0.817,0.565,0.4,1.48,0.0846,0.254,0.556,1.03,0.181,0.225,0.125,1.24,0.119,0.146,0.102,0.473,0.138,2.42,13.3,2.59,5.68,0.113,0.929,0.281,0.35,0.469,0.617,0.306,0.0923,2.62,0.196,0.356,0.0962,0.723,0.0808,0.165,0.473,0.0769,0.267,0.0712,0.0885,0.162,0.227,0.0981,0.419,1.81,0.229,0.15,0.227,0.208,0.112,0.74,2.98,0.654,0.248,0.448,0.102,0.398,0.2,1.38,0.138,0.346,0.346,0.15,0.877,2.19,0.75,0.163,0.717,0.252,0.542,0.271,0.854,0.731,0.133,0.767,0.346,0.131,0.525,0.823,1.4,0.0808,0.154,0.148,0.106,0.0423,0.902,0.104,0.477,0.717,0.183,1.09,0.156,0.594,0.394,0.0673,0.783,0.0981,0.121,0.102,0.694,0.271,0.488,0.185,0.167,0.192,1.11,8.3,0.152,0.0923,0.106,0.125,0.0865,1.17,0.527,0.773,1.88,0.323,0.56,1.31,0.712,0.0923,1.06,0.135,1.76,0.202,0.225,0.223,0.723,0.26,0.204,0.104,15.6,0.158,0.646,0.14,0.302,0.344,0.637,0.394,0.271,1.67,3.51,0.2,0.429,0.133,1.1,0.233,0.548,0.608,0.219,9.15,0.115,0.371,0.135,0.0865,0.15,0.102,0.21,0.0962,0.194,0.11,0.219,0.373,0.129,0.298,0.131,0.338,0.238,0.0923,0.388,0.119,1.4,0.104,0.0577,2.29,0.0846,0.0942,0.283,0.175,0.181,0.121,0.717,0.5,0.265,0.117,0.177,0.0788,0.433,0.152,0.217,0.102,1.27,0.165,0.154,0.385,0.248,0.381,0.0519,0.0365,2.34,0.0462,7.05,0.102,1.86,0.169,0.0846,0.129,0.358,0.112,0.16,0.131,0.537,0.238,0.165,0.0577,0.371,0.0865,0.223,0.927,1.73,0.115,0.0962,0.127,0.242,0.29,0.169,0.0865,0.613,0.163,0.162,0.0577,0.673,0.802,0.0615,0.0481,0.135,0.158,0.16,0.123,0.15,1.76,0.0692,0.0904,1.59,0.05,0.315,0.725,0.0712,0.14,0.112,0.121,4.29,0.104,0.369,0.108,1.87,0.265,0.121,0.0692,0.113,0.208,0.223,0.171,0.0885,0.117,0.129,0.0577,0.0923,0.288,0.137,0.0269,0.0788,0.148,0.0308,0.0115,0.0135,0.0442,0.0269,0.0942,0.0212,1.32,0.0846,0.162,0.138,0.0654,0.179,0.0692,0.0962,0.0962,0.0327,0.0346,0.0327,0.0308,0.0404,0.129,0.115,0.0346,0.154,0.321,0.165,0.133,0.169,0.0442,0.0385,0.4,0.112,0.494,0.819,0.0212,0.0558,0.0404,0.948,0.165,0.0481,0.41,0.106,0.0558,0.0423,0.0577,0.0673,0.0327,0.0385,0.0385,0.0269,0.371,0.025,0.115,0.05,0.173,0.433,0.0269,0.0558,0.104,0.0731,0.119,0.0731,0.146,0.117,0.25,0.298,0.144,0.662,0.419,0.479,0.219,0.183,24,0.313,0.196,0.223,0.142,28.3,0.206,28.7,0.244,0.169,0.158,0.358,0.237,0.302,0.292,41.3,0.183,0.271,0.2,30,0.219,0.238,0.775,0.215,0.387,0.21,0.315,0.177,0.225,0.673,0.196,0.367,0.223,0.315,0.162,0.233,0.102,0.05,0.0923,0.0981,0.221,0.165,0.0942,0.419,0.563,0.204,0.344,0.619,0.36,0.231,0.235,0.0712,1.57,0.106,0.113,0.394,0.115,0.0904,0.848,0.133,0.202,0.625,0.8,3.6
Betaproteobacteria,0.0442,0.0885,3.33,0.0904,0.994,0.788,1.15,0.665,0.0827,0.0808,0.0404,2.42,0.396,2.4,0.554,3.95,0.075,4.36,3.95,2.06,2.2,0.121,3.4,1.9,2.15,0.469,1.85,1.7,0.885,1.89,0.319,0.515,0.7,1.15,0.475,0.0923,3.39,0.358,2.47,2.06,0.469,1.59,2.94,1.37,3.21,1.5,0.0904,0.694,0.2,1.65,0.0692,0.0673,0.0712,0.45,1.31,1,0.635,1.13,0.402,0.108,1.9,6.38,5.66,1.49,6.18,0.0769,2.35,0.0365,0.0558,0.117,0.638,0.0192,5.08,0.704,0.0558,2.96,0.696,0.0538,0.0731,0.794,0.16,0.198,2.27,0.69,1.72,2.46,5.99,7.91,2.85,0.0558,1.19,0.823,0.558,0.133,0.281,0.306,0.748,1.36,1.33,0.0423,0.858,3.14,0.381,0.429,0.0404,0.05,0.0846,1.78,1.42,0.392,0.181,0.794,0.0846,0.144,0.11,1.17,2.27,0.0885,0.117,1.24,1.74,1.2,4.45,0.327,0.256,0.629,0.796,0.519,1.36,0.0846,1.49,3.59,0.958,1.99,0.292,10.2,0.675,2.14,0.388,5.63,1.43,2.31,0.962,1.01,2.1,1.22,0.0462,1.58,0.873,1.34,0.652,1.93,0.262,4.87,3.74,0.162,0.317,0.89,0.0577,0.771,0.708,0.0865,0.467,0.954,1.11,0.252,3.15,5.24,1.33,1.92,0.187,2.65,2.07,1.04,2.51,0.0712,0.673,0.127,0.24,1.39,0.452,2.93,0.075,1.5,1.25,2.48,2.42,4.13,1.44,1.75,0.973,4,0.11,0.806,0.929,4.59,0.444,2.07,5.82,3.13,0.66,6.31,3.72,0.475,2.13,2.1,1.3,2.46,1.7,10.7,0.413,1.45,0.808,2.39,2.44,1.49,0.84,1.78,2.01,0.656,0.298,5.24,2.03,0.702,0.933,0.74,0.192,2.45,0.879,1.17,0.4,0.771,3.56,0.765,0.162,0.148,2.52,0.0962,0.812,0.948,3.67,0.956,0.0635,0.0269,0.333,1.28,2.36,5,1.22,0.0481,1.84,2.91,6.54,2.15,0.102,0.865,2.02,2.99,1.11,0.233,2.93,2.25,1.4,1.08,1.12,2.63,2.14,7.53,3.45,0.204,2.99,0.102,6.95,7.17,4.65,0.55,2.08,3.2,0.64,0.683,1.81,2.67,2.03,3.19,1.13,2.34,6.06,0.344,3.39,0.0904,0.875,4.03,3.63,0.944,3.79,0.281,1.28,0.104,0.602,0.885,0.0865,3.49,3.27,0.592,4.41,4.86,2.06,0.75,2.28,0.975,0.0615,1.49,2.27,1.99,1.08,0.894,1.19,1.87,1.83,0.365,1.48,1.78,1.27,0.527,0.581,0.66,0.763,2.18,0.698,1.39,2.06,3.01,2.13,2.63,1.47,2.09,1.46,1.5,0.277,0.262,0.567,1.41,1.16,0.917,1.29,0.527,1.81,0.858,0.919,0.929,1.05,0.896,2.14,0.462,0.529,0.39,1.12,0.635,0.494,0.973,0.627,0.627,0.942,0.567,2.23,1.11,0.581,0.96,0.692,0.602,0.719,0.442,0.702,1.31,0.792,2.07,0.508,1.05,0.967,0.99,0.621,0.412,0.638,0.275,0.548,0.242,0.235,0.338,0.0827,0.256,0.1,0.162,0.215,0.213,0.692,0.585,1.73,0.596,0.625,1.33,0.431,2.82,0.419,2.39,0.973,0.775,0.15,0.2,1.18,0.279,0.533,1.21,0.527,1.75,0.248,1.54,1.04,0.692,0.596,0.135,1.96,0.419,1.68,1.13,0.725,1.15,0.194,1.5,3.13,0.417,0.173,1.73,1.06,2,2.1,0.804,0.952,1.9,1.54,4.16,1.46,0.521,3.26,0.788,0.342,0.462,0.879,0.813,0.31,3.47,2.23,0.256,9.55,0.383,0.0827,0.0577,0.102,3.97,3.4
Deltaproteobacteria,0.00769,0.0269,0.492,0.0115,0.104,0.244,0.0327,0.0135,0.0192,0.0231,0.215,0.315,0.233,0.025,0.0115,0.312,0.0615,0.0308,0.398,0.275,0.287,0.0288,1.02,0.542,0.483,0.0519,0.0731,0.0673,0.288,0.267,0.238,0.16,0.179,0.223,2,0.025,0.223,0.746,0.287,0.181,1.29,0.133,0.212,0.617,0.131,0.329,0.431,0.223,0.1,0.213,0.0288,0.025,0.05,0.262,0.175,0.102,0.765,0.171,0.263,0.0231,0.817,0.294,0.325,0.0423,0.212,0.0212,0.0346,0.0288,0.0154,0.292,0.0173,0.00962,0.981,4.52,0.508,1.38,0.35,3.26,0.931,0.05,0.0769,0.0135,0.421,0.00962,0.479,0.213,0.00962,0.483,1.17,0.025,0.196,0.327,0.0404,0.281,0.163,0.0365,0.233,0.0154,0.0385,0.0462,0.102,0.396,0.163,0.0154,0.0135,0.0269,0.304,0.162,0.0212,0.0827,0.0385,1.53,0.208,0.11,0.0308,0.05,0.344,0.0462,1.51,1.53,0.0154,0.0981,0.304,0.0942,0.0538,0.0712,0.0442,0.0154,0.354,0.435,1.01,0.498,0.4,0.787,0.0442,0.537,0.444,0.0904,0.537,0.687,0.0385,0.294,0.212,0.331,0.227,0.0538,0.0192,0.263,0.658,0.192,0.646,0.21,1.68,0.108,0.0538,0.0558,0.146,0.0538,0.312,0.342,0.0404,0.0173,0.296,0.24,0.0423,0.0596,0.0981,0.837,0.0577,0.433,0.0558,0.104,0.0981,0.908,0.754,1.05,0.0596,0.1,0.0212,2.14,0.0365,0.792,1.09,0.388,0.213,0.25,0.163,0.915,1.63,0.0692,0.121,0.483,0.0288,0.415,0.227,2.17,0.0577,1.17,0.304,0.346,0.256,0.623,0.594,0.423,0.925,0.535,0.804,0.579,0.594,0.762,0.271,0.269,0.602,0.281,0.202,0.231,0.463,0.0385,0.208,0.0404,0.0827,0.129,0.323,0.521,0.315,0.494,0.862,1.07,0.148,0.29,0.783,0.631,0.262,0.344,0.0404,0.0365,0.0365,0.0442,0.881,0.275,0.262,0.0212,0.00577,0.0788,0.769,0.0981,0.708,0.00192,0.0231,0.00962,0.0192,0.612,0.544,0.0885,0.0173,0.25,0.167,0.331,0.0788,0.0712,0.158,0.652,0.0654,0.769,0.587,0.544,0.302,0.198,0.429,0.475,0.0115,0.0135,0.14,0.16,0.16,0.00577,0.0635,0.41,1.33,0.0212,0.34,0.183,0.0981,0.0404,0.0115,0.00962,0.225,0.138,0.00769,1.06,0.825,0.075,0.465,0.171,0.475,0.108,0.971,0.148,0.21,0.952,0.56,0.0135,0.0154,0.0231,0.0212,3.58,0.175,0.75,0.0308,0.0269,0.0231,0.288,0.31,0.281,0.629,0.025,0.312,0.221,0.21,0.0115,0.171,0.308,0.21,0.123,0.0154,0.00577,0.0135,0.252,0.0135,0.412,0.19,0.208,0.521,0.346,0.571,0.277,0.317,0.31,0.0173,0.0115,0.0827,0.192,0.00385,0.427,0.202,0.00769,0.454,0.152,0.558,0.396,0.0519,0.244,0.352,0.3,0.194,0.0942,0.125,0.123,0.16,0.258,0.137,0.494,0.327,0.108,1.11,0.598,0.3,0.508,0.465,0.223,0.473,0.1,0.117,0.0865,0.192,0.29,0.331,0.571,0.633,0.394,0.538,0.219,0.227,0.137,0.179,0.0538,0.177,0.369,0.1,0.383,0.0115,0.0577,0.25,0.0808,0.258,0.0154,0.00769,0.473,0.167,0.00192,0.0135,0.0115,0.0269,0.0154,0.362,0.21,0.0192,0.0904,1.26,0.00962,0.00769,0.665,0.688,0.00192,0.0173,0.00385,0.0115,0.121,0.227,0.0788,0.00385,0.1,0.0115,0.00962,0.158,0.642,0.0558,0.00192,0.00577,0.00962,0.0442,0.00192,0.00577,0.00769,0.00962,0.0173,0.0135,0.573,1.95,0.342,0.665,0.0212,0.423,0.294,0.0423,0.138,0.0231,0.0115,0.0135,0.0885,0.0231,0.533,0.0288,0.00769,0.0212,0.348,0.0538,0.0115,1.5
Unassigned,0.00385,0.0135,0,0.00577,0.00962,0.917,0.00577,0.00962,0.00192,0.00962,0.00769,0.0173,0.00385,0.0173,0.0135,0.00962,0.00962,0.0173,0.0519,0.00577,0.00577,0.00385,0.0385,0.0654,0.0481,0.00962,0.0192,0.0115,0.0365,0.0115,0.00962,0.0115,0.00769,0.00577,0.0231,0.00962,0.131,0.00192,0.0308,0.00962,0.00769,0.0173,0.0154,0.00385,0.912,0.00769,0.00577,0.0154,0.0269,0.075,0.00962,0.0135,0.0231,0.0288,0.0288,0.0212,0.0404,0.0173,0.0308,0.0212,0.0442,0.0904,0.0173,0.0154,0.00192,0.00962,0.0231,0.00577,0.0154,0.00577,0.00192,0.00577,0.00962,1.19,0.00577,0.00769,0.0115,0.00577,0.00577,0.00385,0.00769,0.00385,0.00769,0.0192,0.0115,0.00385,0.0192,0.0231,0.00962,0.0154,0.0154,0.00385,0.417,0.00769,0.0231,0.00577,0.331,0,0.273,0.00769,0.0212,0.00962,0.571,0.00769,0.0115,0.0231,0.00769,0.0173,0.0423,0.00962,0.0231,0.025,0.0423,0.0154,0.0135,0.0115,0.0135,0.00962,0.0154,0.00962,0.0135,0.0135,0.0269,0.0115,0.00769,0.0462,0.0192,0.00962,0.0135,0.0173,0.0327,0.0346,0.00577,0.0154,0.00577,0.0135,0.0192,0.00769,0.00577,0.0346,0.0308,0.00962,0.0135,0.0115,0.0192,0.0115,0.0115,0.0173,0.187,0.0596,0.0212,0.215,0.0192,0.00577,0.0154,0.00962,0.00962,0.00962,0.00769,0.00962,0,0.00385,0.0154,0.0154,0.00192,0.304,0.00385,0.158,0.0212,0.00385,0.0154,0.00962,0.0154,0.0115,0.0115,0.0135,0.0192,0.0231,0.0154,0.0135,0.0192,0.0154,0.0135,0.075,0.0269,0.0327,0.00962,0.00769,2.7,0.0135,0.05,0.0115,0.0288,0.0212,0.00577,0.00769,0.0442,0.0173,0.0154,0.0192,0.0269,0.0154,0.0173,0.0154,0.0192,0.488,0.0673,0.0212,0.0442,0.0288,0.0327,0.0135,0.0135,0.0365,0.0154,0.0173,0.0308,0.0615,0.025,0.0192,0.0981,0.0558,0.0173,0.0673,0.0269,0.0346,0.0212,0.0481,0.0288,0.0365,0.0462,2.25,0.0365,0.0481,1.57,0.0308,0.0385,0.00962,0.0231,0.00962,0.0115,0.00577,0.0135,0.00962,0.00962,0.00769,0.0308,0.0154,0.0173,0.00385,0.00577,0.0577,0.00962,0.00962,0.0173,0.00769,2.22,0.00962,0.0615,0.0404,0.0115,0.0519,0.00962,0.00385,0.0135,0.0192,0.00962,0.0192,0.00962,0.00769,0.0365,0.0115,0.0135,0.0404,0.0154,0.0212,0.0481,0.0558,0.49,0.0442,0.717,3.8,0.0788,0.0346,0.0692,0.0173,0.108,0.0173,0.00962,0.0346,1.48,0.025,0.0135,0.0115,0.0173,0.169,0.00962,0.0192,0.275,0.112,0.0288,0.00577,0.0231,0.0154,0.152,0.0327,0.025,0.0154,0.0173,0.0173,0.0192,0.0154,0.0173,0.0231,0.0308,0.0135,0.185,0.123,0.0885,0.00385,0.00962,0.0269,0.00385,0.00577,0.00577,0.0192,0.00962,0.0212,0.00577,0.0173,0.0115,0.0346,0.0173,0.0154,0.0365,0.0173,0.0115,0.0385,0.0212,0.0135,0.00192,0.025,0.00769,0.0231,0.0212,0.00192,0.0308,0.0135,0.0385,0.0192,0.00577,2.15,0.148,0.169,1.4,0.537,0.51,4.23,1.24,6.54,0.538,0.217,4.87,0.488,0.188,7.37,6.65,6.98,12.3,5.45,3.8,1.87,2.32,0.0923,3.3,0.158,7.61,0.862,0.0654,4.36,4.08,0.21,0.16,0.36,0.213,0.256,0.0942,0.0846,0.387,0.187,0.354,0.231,0.262,0.535,0.55,0.00577,0.0115,1.37,0.465,0.0173,0.0346,0.0231,0.025,0.0154,1.22,0.706,0.596,0.198,0.0481,0.0269,0.0192,0.0346,0.0635,0.0308,0.0192,0.00962,0.0269,0.0154,0.871,0.167,0.0154,0.0192,0.0173,0.0154,0.00769,0.0462,0.117,0.0231,0.0212,0.00962,0.00962,0,0.00385,0.00577,0.00577,0.00192,0.00192,0.0365,0.0154,0.00769,0.00769,0.00962,0.0135,0.00385,0.0212,0.00577,0.00577,0.0115,0.00385,0.00385,0.00192,0.00192,0.00962,0.00192,0.00385,0.0154,0.0404,0.0115,1.3
Actinobacteria,4.58,7.92,1.19,14.4,1.58,1.38,1.37,0.979,29,27.4,1.94,0.475,0.238,2.01,2.32,1.02,0.521,3.74,2.81,1.65,4.74,2.18,0.108,0.123,0.152,10,4.75,1.89,3.68,0.465,2.48,18.5,1.23,0.333,0.35,0.937,0.392,1.4,1.83,4.88,4.54,30.9,1.43,1.09,1.22,0.337,0.198,10.7,3.12,0.348,1.45,4.36,0.171,0.85,0.333,2.23,5.66,0.454,4.02,5.39,0.496,0.613,0.0596,0.488,12.8,5.53,4.09,3.17,0.173,2.49,5.38,0.394,11.2,2.86,10.4,0.694,2.9,18.7,6.89,16,0.138,4.44,0.55,0.785,6.23,0.319,0.112,0.137,0.356,11.5,5.26,0.227,3.1,11,0.317,0.0635,4.7,2.03,0.496,0.0827,0.492,17.2,31.1,2.7,0.198,0.538,1.31,0.462,0.129,12.4,0.756,0.762,1.1,0.775,7.08,0.133,0.513,7.26,7.22,1.93,2.66,4.06,0.717,1.94,13.8,0.5,5.41,1.92,12.3,1.13,0.7,2.23,0.19,1.03,0.238,2.73,1.78,8.23,0.848,4.04,0.394,1.6,1.36,8.53,14.4,0.217,2.42,1.04,1.34,0.969,4.64,0.877,0.744,0.348,6.39,11.1,0.292,0.185,3.6,0.344,0.938,4.24,16.8,1.51,0.571,6.07,14.9,4.32,0.71,0.463,14.7,0.55,8.1,0.46,2.12,0.906,0.577,0.742,4.25,0.544,66.3,6.47,7.12,1.35,0.279,2.43,9.33,0.527,0.648,0.492,0.76,0.654,3.6,1.21,0.542,6.15,1.19,0.24,18.6,1.03,1.13,1.08,4.02,2.01,12,2.65,9.53,2.6,2.63,8.92,14,9.79,2.3,8.26,2.31,1.9,1.61,0.485,21.3,1.01,9.65,2.46,1.07,13.1,0.9,2.79,8.03,1.15,9.29,0.967,4.4,4.4,1.27,1.94,0.6,1.91,2.67,24.4,2.94,1.15,3.47,0.171,0.917,8.67,4.33,0.383,1.78,0.587,1.07,0.81,43.4,1.22,4.68,1.73,0.887,0.573,8.45,0.0692,0.373,1.89,1,2.05,0.752,2.01,0.569,0.412,3.73,0.383,2.06,0.913,0.163,1.51,2.61,11.7,1.04,0.177,0.185,0.425,0.0596,0.0481,0.502,17.3,0.0577,0.292,0.0865,0.0596,17.2,0.2,1.25,1.48,0.162,3.51,1.95,0.325,3.46,0.788,1.04,0.0981,0.0846,1.36,4.49,0.758,4.05,2.97,1.27,0.181,2.22,1.55,2.2,0.317,0.0462,0.0423,0.0346,0.0365,0.0481,0.0442,0.0231,0.025,0.0288,0.0327,0.00577,0.0288,0.00962,0.00385,0.0115,0.0212,0.00962,0.0192,0.00962,0.0135,0.00962,0.0365,0.0385,0.0308,0.0288,0.0231,0.0385,0.00385,0.00385,0.0173,0.0115,0.0135,0.0115,0.0231,0.0135,0.00385,0.0212,0.202,0.0962,0.0692,0.0865,0.0558,0.223,0.275,0.05,4.55,7.46,0.0327,0.0288,0.0481,10.2,0.152,0.0519,3.98,0.148,0.0615,0.05,0.0596,0.0596,0.0519,0.0673,0.0269,0.0231,0.262,0.0385,0.0731,0.0654,0.0788,0.14,0.05,0.0481,0.0519,0.0346,0.0538,0.0327,0.0615,0.0212,0.0327,0.025,0.0269,0.0462,0.156,0.05,0.0288,0.025,0.177,0.0577,0.0365,0.025,0.0404,0.0308,0.0808,0.0346,0.0808,0.00962,0.0269,0.05,0.025,0.0442,0.0769,0.0308,0.0558,0.075,0.0673,0.0308,0.0942,0.0577,0.119,0.0308,0.0365,0.0962,0.0904,0.0442,0.0481,0.0923,0.0385,0.0154,0.0538,0.133,0.171,0.0596,0.0942,0.0808,0.117,0.0942,0.173,0.0788,0.075,0.133,2.42,1.23,0.737,0.194,2.38,0.0692,0.223,0.0442,4.67,0.281,0.352,0.852,0.796,1.03,2.52,0.075,1.36,2.18,3.34,1.3
Fusobacteriia,0.0212,0.0846,0.956,0,0.213,0.025,0.0846,0.115,0.0519,0.00385,0.00962,0.515,0.00577,0.00769,0.0192,7.12,1.94,0.0212,0.0115,0.531,1.14,0.127,0.00577,0.0212,0.0212,0.0173,0.00962,0.5,0.113,0.0423,0.15,0.0231,6.51,0.138,0.0346,0.00962,0.0885,1.42,1.58,0.0192,0.0288,3.08,0.0192,2.63,0.662,0.658,3.76,0.381,0.363,1.4,0.0173,0.0115,0.0327,32.8,0.638,0.0173,3.26,1.03,0.844,0.025,6.18,0.0115,0.108,0.0346,0.00385,0.00962,0.36,0.00192,0.163,0.00769,0.00192,0.00769,0.00577,0.188,0.00192,0.815,0.0154,0.127,0.00577,0.00769,0.00385,0.00769,0.00385,0.0173,0.00962,0.00769,0.0231,0.0212,0.0385,0.181,0.0423,0.773,0.0135,0.938,6.04,0.00577,0.0154,2.15,0.0519,0.0192,0.11,0.102,0.0288,0.0115,0.0154,0.00962,0.913,2.68,0.438,0.0269,0.0269,0.256,0.0231,0.0135,0.025,0.106,7.62,14.5,1.43,0.46,0.0558,0.0308,0.508,0.258,0.0519,0.71,0.0615,0.025,0.0308,0.00769,0.0558,0.0135,0.11,0.025,31.7,0.135,0.171,0.00385,5.67,0.108,0.0346,0.0135,0.373,0.544,0.212,1.05,0.0173,5.08,0.0654,0.158,0.075,0.0154,0.0904,0.0154,0.00962,0.0154,0.41,0.404,0.0173,0.581,0.5,0.179,0.29,4.98,1.23,0.0154,0.00577,0.0212,1.18,0.0269,0.0288,6.5,0.0212,0.11,8.09,0.165,0.0154,0.00385,0.0154,2.23,0.235,0.025,0.0173,0.0192,0.425,0.0115,0.025,0.00962,0.0423,0.0212,0.0154,1.03,0.0269,3.61,14.2,0.0788,0.0212,0.565,0.0327,0.173,0.0442,0.248,6.98,0.883,0.0365,0.0192,0.0673,0.05,9.35,0.0769,0.0673,0.0269,3.48,0.075,0.0981,1.8,0.256,0.135,0.273,0.465,0.212,0.0442,2.06,0.0865,4.57,6.52,0.112,0.0212,1.58,0.0404,1.54,0.0731,0.0442,0.885,0.0596,0.0404,0.0885,0.025,0.288,0.0577,0.0788,0.0135,0.0308,0.0288,1.2,0.383,0.104,0.0115,8.36,0.0212,0.0808,0.0385,0.863,0.0212,7.68,22.6,0.0327,1.76,0.0135,0.144,7.17,5.01,0.265,0.0269,0.00962,4.23,0.025,2.23,0.19,2.34,0.0115,0.731,1.61,0.0192,1.17,0.0577,0.0346,0.0788,0,0.0115,0.00577,0.00385,0.025,0.00962,0.00962,0,0.0327,0.00962,0.0135,0.498,0.0673,0.0135,0.0365,0,0.204,0.00192,0.0135,0.0538,0.00962,0.0135,10.6,0.0192,0.0942,0.0135,0.00769,0.363,0.00577,0.0423,0.00192,0.00385,0.0135,0.658,0.0846,0.375,0.29,0.0288,0.671,4.81,0.863,0.0385,3.25,2.53,0.856,0.0981,0.0404,0.0346,0.0365,1.64,0.0404,0.24,2.12,0.271,0.0808,0.179,0.173,1.31,0.962,2.76,0.0442,0.0365,0.11,0.288,0.0423,0.481,0.471,0.0308,0.217,0.108,0.0596,0.0673,0.587,1.08,0.0808,0.123,3.61,0.0538,0.0558,0.973,9.66,0.673,0.0423,0.0538,0.385,0.0404,0.0519,0.567,0.669,0.517,0.615,1.15,0.417,3.91,2.08,0.19,0.448,0.05,1.3,0.112,0.0731,0.175,0.837,26.1,6.04,21,9.53,26.2,37.5,13.6,55.2,16.6,53.1,26.5,41.3,12,3.86,0.119,0.0808,3.71,4.41,0.0788,0.146,0.075,0.202,0.0981,0.694,3.57,19.7,12.5,0.14,0.0923,0.137,0.0942,0.0942,0.0981,0.183,0.0635,0.0577,0.235,1.9,31,0.11,0.24,0.0904,0.0673,0.175,0.0885,24.5,0.0712,0.0981,0.0558,32.2,0.0346,0.0288,0.0308,0.0173,0.0212,0.0404,0.563,0.558,0.337,0.0269,0.0615,0.0442,0.162,22.2,0.0423,0.0577,0.0404,0.0519,0.0654,0.0462,0.163,0.0154,0.0192,0.0365,0.471,0.0154,0.00192,1.3
Alphaproteobacteria,0,0.00192,0,0.00192,0,0,0,0,0,0.00192,0.00192,1.45,0,0,0,0,0,0,0,0,0.00192,0,0,0.00192,0.00192,0,0,0,0,0,0,0,0,0,0.00769,0,0.498,0,0.00192,0,0,0,0,0.0154,0.00192,0,0.00192,0,0,0,0,0,0.00192,0,0,0,0,0,0.00192,0,0,0,0,0,0,0,1.86,0,0,0,0,0,0,0.0577,0,0,0,0,0,0,0,0,0.00192,0,0.00192,0.00192,0.0115,0,0,0,0,0.163,0,0,0,0,0,0,0,0,0,0,0,0,0,0,0,0,0,0,0,0,0.075,0,0,0.00192,0,0,0,0,0.00769,0,0,0.0269,0,0,0,0,0,0,0,0,0,0.00192,0,0.00192,0,0.0538,0,0.0288,0,0.00385,0.00192,0,0,0,0.00192,0,0.0577,0,0,0,0,0,0,0,0,0.0731,0.00192,0,0,0,0.00192,0.0192,0,0,0,0,0,0,0,0,0,0,0.00192,0.00192,0,0,0,0,0,0,0,0,0.00192,0,0,0.00192,0,0,0,0,0,0,0,0,0,0,0,0,0,0,0.00192,0.00385,0,0,0,0,0,0,0,0.00192,0.00577,0,0,0.00192,0,0.00192,0,0.00385,0,0,0,0,0,0,0,0,0,0.00192,0.00577,0,0.577,0,0,0,0,0,0,0,0,0,0,0.00192,0,0.00962,0,0,0,0,0.00192,0.00192,0.733,0,0,0,0,0,0.00192,0,0,0,0,0,0,0,0,0,0,0,0,0,0,0,0,0,0,0,0.00192,0,0,0,0,0,0,0,0.0231,0,0,0,0.402,0.00192,0,0,0.00385,0,0,0,0.00385,0.117,0,0.442,0,0,0,0,0,0.00192,0.00192,0.00192,0,0,0,0.00192,0,0.00192,0,0,0,0,0,0,0,0,0,0,0,0,0,0,0,0,0.00192,0,0,0,0,0,0,0,0,0,0,0,0,0,0,0,0.00192,0.00577,0,0.00192,0,0,0,0,0,0,0,0.00192,0,0,0,0,0.0154,0,0,0,0,0,0,0,0,0,0,0.00385,0,0.0115,0.0212,0,0,0,0.00192,0,0,0.00192,0,0,0,0,0,0.00577,0,0,0,0.00962,0,0,0,0,0,0,0,0,0,0,0,0,0.00192,0,0.00192,0.0154,0.00192,0,0,0,0,0,0,0,0,0,0,0.00192,0,0.00385,0,0,0,0,0,0,0,0,0,0,0,0,0.00192,0.00192,0,0,0,0,0,0,0,0,0,0,0,0,0.00192,0.00192,0,0,0,0,0.7
Coriobacteriia,0.05,0.0212,0.0577,0.479,0.163,0.0365,0.615,0.212,0.19,0.00962,0.0115,0.0269,0.00962,0.00769,0.00769,0.00769,0.104,0.0269,0.0404,0.0135,0.00769,0.00385,0.0365,0.0288,0.0538,0.0981,0.179,0.0327,0.0269,0.00769,0.0173,0.308,0.158,0.0154,0.233,0.00577,0.158,0.0712,0.0115,0.352,0.81,0.252,0.0135,0.0212,0.0192,0.00577,0.00769,0.0231,0.469,0.138,0.181,0.0115,0.00962,0.00385,0.00769,0.0173,0.025,0.0115,0.0212,0.0173,0.0481,0.196,0.0192,0.0231,0.0173,0.0154,0.0365,0.0115,0.0962,0.00577,0.0385,0.00962,0.229,0.102,0.0673,0.0231,0.0577,0.129,0.0288,0.0173,0,0.0173,0.0212,0.0346,0.00962,0.0192,0.00192,0.00192,0.0231,0.219,0.177,0.0462,0.496,0.208,0.0442,0,2.53,0.0288,0.0288,0.00385,0.233,0.0692,0.146,0.11,0.00192,0.0865,0.0558,0.0269,0.0288,0.0327,0.269,0.00962,0.0308,0.0423,0.0308,0.00577,0.00577,0.00962,0.0923,0.0731,0.0135,0.00769,0.00385,0.0615,0.0231,0.0231,0.0154,0.00577,0.223,0.0288,0.387,0.0827,0.0154,0.00577,0.0596,0.0231,0.465,0.181,0.0269,0.0423,0.0115,0.112,0.0519,0.256,0.0135,0.00769,0.00577,0.0462,0.0365,0.119,0.025,0.129,0.25,0.0173,0.783,0.00385,0.131,0.0154,0.0346,0.14,0.0462,0.0154,0.0269,0.0346,0.025,1.04,0.96,0.0135,0.0327,0.0442,0.362,0.0327,0.329,0.0135,0.0115,0.0615,0.00577,0.0423,0.0154,0.0404,0.0385,0.16,0.0135,0.0115,0.0365,0.0731,0.127,0.0173,0.0846,0.00385,0.233,0.0673,0,0.00192,0.0212,0.0385,0.0346,0.0346,0.0115,0.0615,0.0269,0.00962,0.0231,0.0173,0.481,0.0404,0.0269,0.00577,0.0288,0.0135,0.244,0.0212,0.0192,0.0115,0.0135,0.0115,0.0519,0.00192,0.0115,0.0192,0.0365,0.0288,0.0308,0.025,0.0788,0.0115,0.0231,0.381,0.152,0.0115,0.0135,0.115,0.00577,0.00769,0.00962,0.00577,0.00385,0.244,0.0173,0.0385,0.00962,0.0654,0.00192,0.0577,0.0346,0.00577,0.0673,0.00385,0.0635,0.0135,0.00385,0.663,0.00192,0.115,0.0385,0.0115,0.212,0.0288,0.0365,0.123,0.0365,0.0135,0.0365,0.0519,0.00962,0.0154,0.106,0.00577,0.0192,0.0115,0.00769,0.00577,0.0154,0.315,0.0173,0.00962,0.0115,0.0327,0.154,0.0115,0.0346,0.512,0.00192,0.0154,0.00385,0.00192,0.0462,0.00577,0.0173,0.508,0.0404,0.0115,0.0192,0.00962,0.0827,0.483,0.00769,0.00577,0.0327,0.427,0.0404,0.00769,0.0231,0.00962,0.685,0.0635,0.194,0.00769,0.0231,0.00385,0.00192,0.0154,0.00385,0.0115,0.0212,0.00769,0.0288,0.00577,0.0135,0.00577,0.00577,0.0212,0.00577,0.0115,0.00769,0.00385,0.00962,0.0135,0.00962,0.025,0.00385,0.0173,0.0173,0.00962,0.0462,0.00385,0.0115,0.00962,0.0212,0.0231,0.00192,0.00385,0.00769,0.0288,0.0115,0.0115,0.0135,0,0.00577,0.00385,0,0.0731,0.181,0.00769,0.0346,0.575,0.544,0.0462,0.0154,0.0654,0.696,0.0115,0.117,0.185,0.0615,0.138,0.1,0.252,0.227,0.148,0.115,0.0173,0.00769,0.00385,0.0327,0.0115,0.183,0.0404,0.0135,0.0865,0.16,0.0154,0.0135,0.0231,0.00962,0.0365,0.00577,0.0212,0.0173,0.025,0.00385,0.0135,0.0385,0.00577,0.00577,0.00192,0.00192,0.0269,0.0192,0,0.00385,0.0231,0,0.0462,0.0365,0.025,0.0231,0.0135,0.00385,0.0269,0.00577,0.0154,0.0135,0.0192,0.00192,0.0231,0.0115,0,0.0212,0.0135,0.00769,0.00385,0.00962,0.00769,0.00385,0.00385,0,0.0154,0.0231,0.0154,0.00385,0.0288,0.0154,0.0327,0.00769,0.0288,0.0519,0.00192,0.0231,0.0365,0.0365,0,0.102,0.00962,0.00577,0.0327,0.0115,0.0115,0.00192,0.00962,0.0115,0.0115,0.171,0.456,0.00385,0.0288,0.285,0.0115,0.7
Verrucomicrobiae,0.00577,35,0.00577,0.00385,0.0135,0.00769,0.025,0.00385,0.00769,0.00385,1.28,0.00962,0.0231,0.0192,0.0154,0.2,0.327,0,0.433,0.00769,0.00385,0.00192,0,0.00962,0.0115,0.169,0,0.00385,4.92,0.163,0.856,0.0192,2.91,0.00385,1.22,0.0135,1.11,0.0173,0.206,2.49,0.0192,0.0154,0.075,0.131,2.47,0.00385,0.00769,0.0173,1.52,0.0385,0.0519,0.00577,0,0.0538,0.108,0.00962,0.00962,0.00577,2.83,0.00577,2.65,0.00192,0.0154,0,0.0481,0.00577,0.544,0.00769,0.00385,0.585,0,0.0115,0.329,9.03,0.00962,0.00769,0.11,7.58,0.00577,0.00577,0.00192,0.00577,0.0135,7.93,0.0327,0.00385,0.00192,0.00962,6.78,0.0981,0.0135,0.00385,0.138,2.03,8.34,0.00192,0.0558,0.00769,6.84,0.00769,0.00577,1.02,9.59,0.00962,0.242,0.025,1.97,0.0115,0.775,1.19,0.00192,1.98,0.79,0.00769,2.87,0.00769,0.0115,0.0904,0.00192,0.0115,0.0115,0.00577,0.0154,0.25,0.867,0.0212,0.0212,0.0173,1.18,0.00385,0.00962,0.0865,0.00577,0.00962,0.00385,0.0173,0.0404,1.32,0.123,0.00192,0.0115,0.452,0.0462,0.0423,0.0558,0.0115,0,4.23,0.00577,0.00577,0.0385,1.02,0.00962,0.00577,0.0154,0.00962,2.93,0.11,0.00962,0.00385,0.00962,1.59,0.00577,0.0135,0.00769,0.269,0.00385,1.07,0.123,0.308,0.188,0.00769,0.0288,0.204,0.00577,0.00385,0.735,1.07,0.437,0.787,0.0115,0.0519,0.00577,0.542,0.0212,0.0308,0.05,0.00192,2.68,0.00769,0.00577,0.0192,0.00962,1.01,0.00192,0,3.23,1.8,0.0154,0.612,1.07,0.00577,0.0212,0.00769,0.256,0.277,2.61,0.59,0.154,0.277,0.806,0.375,0.327,1.32,0.312,0.00192,0.0423,0.0731,0.0442,0.0269,0.0154,0.0154,2.82,0,0.0731,1.68,0.00385,0.0135,0.579,3.07,0.0269,0.473,0.00577,0.0115,0.00577,0.0173,0.0404,5.29,4.35,0.00577,0.025,0.00962,0,5.14,1.68,0.0115,0.254,0.163,0.0481,0.00192,0.0115,0.0115,0.506,0.148,0.00769,0.00192,0.0192,0.00192,0.00769,1.43,0.00962,0.00192,0.00385,0.469,0.0827,0.00577,0.00769,0.15,0.00385,0,0.00769,0.00192,0.00385,0.0731,0.00962,0.0135,0.00577,0.69,0.0154,0.00577,0.99,0.0385,0.0135,0.0115,0.00577,0,0.0115,0.0115,0,2.95,1.16,0.05,0.0308,0.00577,0.0154,1.45,0.0115,0.00192,0.00385,0.00962,0.00577,0.00385,0,0.00385,0.00192,0.213,2.89,0.252,3.72,0.00769,0.00577,0.00385,0.00962,0.0115,0.00769,0.00385,0.025,0.0154,0.0135,0,0.00577,0.00192,0.00192,0.00192,0,0.00962,0.00192,0.00962,0.00385,0,0,0.00385,0.00577,0.0115,0.00385,0.00769,0.00769,0,0,0.00385,0.00385,0.00769,0.00769,0,0,0,0.00769,0,0.00769,0.00192,0.00192,14.8,0.0846,0.0288,0.896,0.0346,0.025,7.18,0.958,6.82,0.0673,0.025,3.46,0.0135,0.0288,5.68,23.1,8.63,14.8,17.4,16.5,1.09,8.83,0.00769,5.87,0.0173,19.4,2.58,0.00577,5.9,17.6,0.0827,0.1,0.00769,0.0288,0.0212,0.00577,0.617,0.00192,0.0615,0.0115,0.0135,0.0135,0.737,2.64,0.0173,0.00577,1.92,2.33,0.00769,0.00385,0.00385,0.00962,0.00192,2.24,1.08,0.35,0.198,0.00385,0.00385,0.0173,0.00385,0.00192,0.0154,0.0173,0.00385,0.00385,0.00769,3.4,0.025,0.00962,0.0115,0,0.00192,0.00962,0.00385,0.687,0.00577,0.00385,0.00192,0.00577,0.00192,0.00385,0.00577,0.00192,0.00192,0.00962,0.00769,0.0654,1.65,0.00577,0.0115,0.0538,0.0635,0.00769,0.00769,0.00577,0.0135,0.0115,0.00385,0.00385,0.508,0.00385,5.6,0.00769,0.217,0.00192,6.3,0.5
Synergistia,0,0,0,0,0.0635,0,0,0,0,0,0,0,0,0,0,0,0,0,0,0,0,0,0,0,0,0.0385,0.00192,0,0,0,0.00192,0,0,0.00577,0,0,0,0,0,0,0,0.0135,0,0,0,0,0,0,0,0,0,0,0,0,0,0,0,0,0,0,0.00962,0,0,0,0,0,0,0,0,0.00385,0,0,0.0173,0.00385,0,0,0,0,0,0,0,0,0,0,0,0,0,0,0,0,0,0.00385,0,0,0,0,0,0,0,0,0,0.00192,0.00769,0,0.00192,0.00385,0,0,0.0442,0,0.0212,0,0.00192,0.00192,0,0,0.00192,0,0,0,0,0,0,0.0269,0,0,0,0,0,0.00192,0.0212,0.00385,0,0.00192,0,0,0.00577,0.00769,0,0.00577,0,0,0.00192,0,0,0.00192,0,0.00192,0,0,0,0.138,0.919,0,0,0,0,0,0,0.075,0.00577,0.00192,0,0.0423,0,0.00962,0,0.00192,0,0.0596,0,0,0,0.00577,0,0,0,0,0,0,0,0,0,0.00192,0,0.00192,0.00385,0,0,0,0,0,0,0.00577,0,0,0,0.0692,0,0.00385,0,0,0,0,0.0231,0,0,0,0,0,0,0.00192,0,0.00192,0.00385,0.00192,0.00192,0.00385,0,0,0,0.00192,0.0731,0.00192,0.00385,0.00192,0,0.0269,0.0558,0.00192,0.00192,0.00192,0.00192,0,0.00192,0,0.00192,0,0,0.00192,0.00192,0,0.00192,0,0,0,0,0.00192,0,0,0,0,0,0,0,0,0.025,0,0,0.0365,0.00385,0,0,0.0404,0,0,0,0.00192,0,0,0,0.00192,0,0.00385,0.00385,0.00385,0.00769,0,0,0,0,0,0,0,0,0,0,0,0,0,0.00192,0,0.00577,0,0.0288,1.35,0,0.0135,0.00192,0.0173,0,0.00192,0.00192,0,0.00192,0.352,0.0154,0.00577,0,0.00192,0,0,0,0,0,0,0,0,0,0,0,0,0,0,0,0,0,0,0,0,0,0,0,0,0,0,0,0,0,0,0,0,0,0,0,0,0,0,0,0,0.00192,0,0,0,0,0,0,0,0,0,0,0,0,0,0,0,0,0,0,0,0,0,0,0,0,0,0,0.00192,0,0,0,0,0,0,0,0,0,0,0,0,0,0,0,0,0,0,0,0,0,0,0,0,0,0,0,0,0,0,0,0,0,0,0,0,0,0,0,0,0,0,0,0,0,0.00192,0,0,0,0,0,0,0,0,0,0,0,0,0,0,0,0,0,0,0,0,0,0.00192,0,0.00385,0,0,0,0.00192,0,0,0,0,0,0,0.4
Campylobacteria,0,0,0,0,0.00192,0,0,0,0,0.183,0.00192,0,0,0.00385,0,0,0,0,0,0,0,0,0,0,0,0,0,0,0,0,0,0,0.00385,0,0.00192,0,0,0,0,0,0,0,0,0,0,0,0,0,0,0,0,0,0.00192,0.00385,0,0,0,0,0.00192,0,0.00192,0.00192,0,0,0,0,0,0,0,0,0,0,0.00192,0,0,0,0,0,0,0,0.0231,0,0,0,0,0,0,0,0,0,0,0,0,0.00192,0.00192,0,0,0,0,0,0.00192,0.00192,0,0,0.00192,0,0,0,0.00192,0,0.00192,0.00192,0,0,0.00192,0.00192,0,0.00192,0,0.00192,0,0.00385,0,0,0,0,0,0,0,0,0,0,0,0,0,0,0,0,0,0,0,0,0,0,0,0,0.00192,0,0.00192,0,0,0,0,0,0,0,0,0.00192,0,0,0,0,0,0.00192,0.0942,0.00192,0,0.00577,0,0,0,0.00385,0,0,0.00192,0.00192,0.00192,0.00192,0,0.00192,0.00192,0.00577,0.00385,0,0,0,0.00192,0.00192,0.0115,0.00192,0.00577,0.00192,0.985,0,0,0.00385,0.00577,0.00192,0,0,0,0,0.0154,0.00385,0.0192,0.00577,0.0173,0.0115,0.0135,0.00385,0.0192,0.00769,0.00962,0.0115,0.0115,0.00192,0.00769,0.00962,0.00192,0.0115,0.0385,0.0423,0.0115,7.03,0.00962,0.0269,0.00385,0.0115,0.0135,0.0192,0.0327,0.0404,0.0173,0.0173,0.00962,0.0154,0.0212,0.00192,0.00192,0,0,0,0,0,0,0,0,0,0,0,0,0,0,0,0,0,0,0,0,0,0,0,0,0,0,0,0,0,0.00192,0,0,0,0,0,0,0,0,0,0,0,0,0,0,0,0,0,0,0,0,0,0,0,0,0,0,0,0,0,0,0,0,0,0,0,0,0,0,0,0,0,0,0,0,0,0,0,0,0,0,0,0,0,0,0,0,0,0,0,0,0,0,0,0,0,0,0,0,0.00192,0,0,0,0,0,0,0.00192,0,0,0,0,0,0.00192,0,0,0,0.00192,0,0,0,0,0,0,0,0,0,0,0,0,0,0,0,0,0,0,0.00385,0,0,0,0,0,0,0,0.00385,0,0,0,0,0,0,0,0,0,0,0,0,0,0,0,0,0,0,0,0,0,0,0,0,0,0,0,0,0,0,0,0,0,0,0,0,0,0,0,0,0,0,0,0,0,0,0,0,0,0,0,0,0,0,0,0,0,0.00192,0,0,0.00192,0,0,0,0.208,0,0,0,0,0,0,0,0,0,0,0,0.2
Sphingobacteriia,0,0,0,0,0,0,0,0,0,0,0,0,0.00192,0,0,0,0,0,0,0,0,0,0,0,0,0,0,0.00192,0,0,0,0,0,0,0,0,0,0,0,0,0.00385,0,0,0,0,0,0,0,0,0,0.00192,0,0,0,0,0,0,0.00192,0,0,0,0,0,0,0,0,0,0,0,0,0,0,0,0,0,0,0,0,0,0,0,0,0,0,0,0,0,0,0,0,0,0,0,0,0,0,0,0,0,0,0.00192,0,0,0,0,0,0,0,0,0,0,0,0,0,0,0.00192,0,0,0,0,0,0,0,0,0,0,0,0,0,0,0.00192,0,0,0,0,0,0,0,0,0,0,0,0,0,0,0.00769,0,0,0,0,0,0,0,0,0,0,0,0,0,0,0,0,0,0,0,0,0,0,0,0,0.00769,0,0,0,0,0,0,0,0.0231,0.00192,0,0.00192,0,0.00192,0,0,0,0.00192,0,0,0,0,0,0,0,0,0.00962,0,0,0,0,0.00192,0,0,0,0,0,0,0,0,0,0,0,0,0,0,0,0,0,0.00192,0,0,0,0,0,0,0,0,0,0,0,0,0,0,0,0.00192,0,0,0,0.00192,0,0,0,0,0,0,0,0,0,0,0,0,0,0,0,0.00192,0,0,0,0,0,0,0.00192,0,0,0,0,0,0,0,0,0,0,0,0,0,0,0.00385,0.00192,0,0.00192,0.00577,0,0,0.00385,0,1.46,0,0,0,0,0.00385,0,0,0.385,0,0,0,0.00192,0,0.00192,0.00192,0,0,0,0,0,0,0,0.00192,0,0,0,0,0,0,0,0,0,0,0,0,0,0,0,0,0,0,0,0,0,0,0,0,0,0,0,0,0,0,0,0,0,0,0,0,0,0,0,0,0,0,0,0,0,0,0,0,0,0,0,0,0,0,0,0,0,0,0,0,0,0,0,0,0,0,0,0,0,0,0,0,0,0,0,0,0,0,0,0,0,0,0,0,0,0,0,0,0,0,0,0,0,0,0,0,0,0,0,0,0,0,0,0,0,0,0,0,0,0,0,0,0,0,0,0,0,0,0,0,0,0,0,0,0,0,0,0,0,0,0,0,0,0,0,0,0,0,0,0,0,0,0,0,0,0,0,0,0.2