File,Format,Type,Num_seqs,Sum_len,Min_len,Avg_len,Max_len
D11001.R1.fq.gz,FASTQ,DNA,"81,279",20233597,246,248.9,250
D11002.R1.fq.gz,FASTQ,DNA,"83,782",20856407,247,248.9,250
D11003.R1.fq.gz,FASTQ,DNA,"60,530",15067705,246,248.9,250
D11005.R1.fq.gz,FASTQ,DNA,"78,854",19630366,246,248.9,250
D11006.R1.fq.gz,FASTQ,DNA,"83,956",20898120,247,248.9,250
D11007.R1.fq.gz,FASTQ,DNA,"63,645",15842571,246,248.9,250
D11008.R1.fq.gz,FASTQ,DNA,"84,000",20908808,246,248.9,250
D11009.R1.fq.gz,FASTQ,DNA,"79,555",19804467,246,248.9,250
D11010.R1.fq.gz,FASTQ,DNA,"84,000",20908888,246,248.9,250
D11012.R1.fq.gz,FASTQ,DNA,"81,267",20231496,246,249,250
D11013.R1.fq.gz,FASTQ,DNA,"68,836",17134932,246,248.9,250
D11014.R1.fq.gz,FASTQ,DNA,"83,966",20901124,246,248.9,250
D11016.R1.fq.gz,FASTQ,DNA,"84,000",20910094,246,248.9,250
D11017.R1.fq.gz,FASTQ,DNA,"84,000",20908808,246,248.9,250
D11019.R1.fq.gz,FASTQ,DNA,"84,000",20909669,247,248.9,250
D11021.R1.fq.gz,FASTQ,DNA,"83,737",20843874,246,248.9,250
D11022.R1.fq.gz,FASTQ,DNA,"80,197",19963009,246,248.9,250
D11023.R1.fq.gz,FASTQ,DNA,"77,591",19315906,246,248.9,250
D11025.R1.fq.gz,FASTQ,DNA,"83,947",20895542,246,248.9,250
D11030.R1.fq.gz,FASTQ,DNA,"84,000",20909443,247,248.9,250
D11031.R1.fq.gz,FASTQ,DNA,"83,951",20896797,246,248.9,250
D11032.R1.fq.gz,FASTQ,DNA,"83,686",20830511,246,248.9,250
D11037.R1.fq.gz,FASTQ,DNA,"83,865",20875836,246,248.9,250
D11038.R1.fq.gz,FASTQ,DNA,"83,819",20864262,247,248.9,250
D11039.R1.fq.gz,FASTQ,DNA,"76,199",18968695,246,248.9,250
D11042.R1.fq.gz,FASTQ,DNA,"73,610",18324161,247,248.9,250
D11043.R1.fq.gz,FASTQ,DNA,"83,887",20881014,246,248.9,250
D11045.R1.fq.gz,FASTQ,DNA,"84,000",20907486,246,248.9,250
D11048.R1.fq.gz,FASTQ,DNA,"83,792",20854647,246,248.9,250
D11049.R1.fq.gz,FASTQ,DNA,"66,946",16662036,246,248.9,250
D11055.R1.fq.gz,FASTQ,DNA,"79,370",19753637,246,248.9,250
D11058.R1.fq.gz,FASTQ,DNA,"60,054",14946748,247,248.9,250
D11064.R1.fq.gz,FASTQ,DNA,"84,000",20906546,246,248.9,250
D11070.R1.fq.gz,FASTQ,DNA,"83,773",20849623,246,248.9,250
D11077.R1.fq.gz,FASTQ,DNA,"84,000",20906536,247,248.9,250
D11088.R1.fq.gz,FASTQ,DNA,"65,382",16271260,246,248.9,250
D11095.R1.fq.gz,FASTQ,DNA,"84,000",20915649,247,249,250
D11096.R1.fq.gz,FASTQ,DNA,"74,544",18552655,246,248.9,250
D11100.R1.fq.gz,FASTQ,DNA,"84,000",20905159,246,248.9,250
D11101.R1.fq.gz,FASTQ,DNA,"83,699",20829609,246,248.9,250
D11144.R1.fq.gz,FASTQ,DNA,"84,000",20904428,246,248.9,250
D11145.R1.fq.gz,FASTQ,DNA,"73,969",18408552,246,248.9,250
D11148.R1.fq.gz,FASTQ,DNA,"83,914",20883793,246,248.9,250
D11155.R1.fq.gz,FASTQ,DNA,"83,850",20867701,246,248.9,250
D11156.R1.fq.gz,FASTQ,DNA,"83,964",20896243,246,248.9,250
D11157.R1.fq.gz,FASTQ,DNA,"61,993",15429628,247,248.9,250
D11158.R1.fq.gz,FASTQ,DNA,"84,000",20904861,246,248.9,250
D11159.R1.fq.gz,FASTQ,DNA,"66,736",16608809,247,248.9,250
D11161.R1.fq.gz,FASTQ,DNA,"60,827",15138890,247,248.9,250
D11162.R1.fq.gz,FASTQ,DNA,"83,907",20883486,246,248.9,250
D11163.R1.fq.gz,FASTQ,DNA,"84,000",20905694,246,248.9,250
D11165.R1.fq.gz,FASTQ,DNA,"75,341",18751674,246,248.9,250
D11180.R1.fq.gz,FASTQ,DNA,"83,917",20884748,246,248.9,250
D11183.R1.fq.gz,FASTQ,DNA,"77,745",19349048,247,248.9,250
D11184.R1.fq.gz,FASTQ,DNA,"83,582",20801684,247,248.9,250
D11185.R1.fq.gz,FASTQ,DNA,"83,987",20902642,246,248.9,250
D11187.R1.fq.gz,FASTQ,DNA,"76,371",19007192,246,248.9,250
D11188.R1.fq.gz,FASTQ,DNA,"71,165",17711800,246,248.9,250
D11189.R1.fq.gz,FASTQ,DNA,"84,000",20906301,246,248.9,250
D11192.R1.fq.gz,FASTQ,DNA,"83,747",20842865,246,248.9,250
D11193.R1.fq.gz,FASTQ,DNA,"84,000",20906062,247,248.9,250
D11194.R1.fq.gz,FASTQ,DNA,"84,000",20905811,246,248.9,250
D11195.R1.fq.gz,FASTQ,DNA,"84,000",20906274,246,248.9,250
D11196.R1.fq.gz,FASTQ,DNA,"84,000",20905629,246,248.9,250
D12004.R1.fq.gz,FASTQ,DNA,"61,808",15385715,246,248.9,250
D12005.R1.fq.gz,FASTQ,DNA,"60,867",15151527,247,248.9,250
D12007.R1.fq.gz,FASTQ,DNA,"83,728",20845268,246,249,250
D12013.R1.fq.gz,FASTQ,DNA,"61,611",15337339,246,248.9,250
D12014.R1.fq.gz,FASTQ,DNA,"80,108",19941792,246,248.9,250
D12015.R1.fq.gz,FASTQ,DNA,"81,473",20281969,246,248.9,250
D12016.R1.fq.gz,FASTQ,DNA,"69,264",17242984,247,248.9,250
D12017.R1.fq.gz,FASTQ,DNA,"79,723",19846052,246,248.9,250
D12020.R1.fq.gz,FASTQ,DNA,"83,998",20911764,246,249,250
D12021.R1.fq.gz,FASTQ,DNA,"70,709",17602774,246,248.9,250
D12022.R1.fq.gz,FASTQ,DNA,"81,086",20184935,246,248.9,250
D12023.R1.fq.gz,FASTQ,DNA,"78,586",19563121,246,248.9,250
D12027.R1.fq.gz,FASTQ,DNA,"83,338",20746041,246,248.9,250
D12028.R1.fq.gz,FASTQ,DNA,"68,658",17091317,247,248.9,250
D12029.R1.fq.gz,FASTQ,DNA,"67,598",16827099,247,248.9,250
D12030.R1.fq.gz,FASTQ,DNA,"71,612",17827457,247,248.9,250
D12031.R1.fq.gz,FASTQ,DNA,"83,941",20896615,246,248.9,250
D12032.R1.fq.gz,FASTQ,DNA,"76,912",19145665,246,248.9,250
D12034.R1.fq.gz,FASTQ,DNA,"77,739",19352037,246,248.9,250
D12035.R1.fq.gz,FASTQ,DNA,"75,541",18805190,247,248.9,250
D12036.R1.fq.gz,FASTQ,DNA,"79,496",19789242,247,248.9,250
D12037.R1.fq.gz,FASTQ,DNA,"79,389",19763215,246,248.9,250
D12038.R1.fq.gz,FASTQ,DNA,"76,925",19149405,246,248.9,250
D12039.R1.fq.gz,FASTQ,DNA,"84,000",20910350,247,248.9,250
D12040.R1.fq.gz,FASTQ,DNA,"74,364",18512299,247,248.9,250
D12041.R1.fq.gz,FASTQ,DNA,"72,749",18111348,247,249,250
D12042.R1.fq.gz,FASTQ,DNA,"77,065",19184067,247,248.9,250
D12043.R1.fq.gz,FASTQ,DNA,"67,144",16714584,246,248.9,250
D12044.R1.fq.gz,FASTQ,DNA,"83,888",20884038,247,249,250
D12045.R1.fq.gz,FASTQ,DNA,"70,728",17606958,246,248.9,250
D12046.R1.fq.gz,FASTQ,DNA,"84,000",20911376,247,248.9,250
D12047.R1.fq.gz,FASTQ,DNA,"79,412",19768669,246,248.9,250
D12048.R1.fq.gz,FASTQ,DNA,"71,083",17694497,246,248.9,250
D12049.R1.fq.gz,FASTQ,DNA,"74,446",18532584,246,248.9,250
D12050.R1.fq.gz,FASTQ,DNA,"83,918",20890923,246,248.9,250
D12052.R1.fq.gz,FASTQ,DNA,"79,922",19896133,247,248.9,250
D12055.R1.fq.gz,FASTQ,DNA,"61,926",15416209,247,248.9,250
D12057.R1.fq.gz,FASTQ,DNA,"65,508",16307236,246,248.9,250
D12058.R1.fq.gz,FASTQ,DNA,"76,238",18978166,246,248.9,250
D12059.R1.fq.gz,FASTQ,DNA,"70,957",17663818,247,248.9,250
D12060.R1.fq.gz,FASTQ,DNA,"76,145",18955751,247,248.9,250
D12061.R1.fq.gz,FASTQ,DNA,"83,805",20861641,246,248.9,250
D12064.R1.fq.gz,FASTQ,DNA,"83,842",20871901,246,248.9,250
D13001.R1.fq.gz,FASTQ,DNA,"84,000",20910842,246,248.9,250
D13002.R1.fq.gz,FASTQ,DNA,"84,000",20910890,247,248.9,250
D13003.R1.fq.gz,FASTQ,DNA,"68,930",17160162,247,249,250
D13004.R1.fq.gz,FASTQ,DNA,"61,858",15398927,246,248.9,250
D13005.R1.fq.gz,FASTQ,DNA,"72,261",17988860,246,248.9,250
D13006.R1.fq.gz,FASTQ,DNA,"81,378",20258388,246,248.9,250
D13007.R1.fq.gz,FASTQ,DNA,"84,000",20910593,246,248.9,250
D13008.R1.fq.gz,FASTQ,DNA,"69,735",17358826,246,248.9,250
D13009.R1.fq.gz,FASTQ,DNA,"78,656",19581299,247,248.9,250
D13010.R1.fq.gz,FASTQ,DNA,"83,958",20900217,247,248.9,250
D13011.R1.fq.gz,FASTQ,DNA,"80,960",20154288,246,248.9,250
D13012.R1.fq.gz,FASTQ,DNA,"84,000",20911132,246,248.9,250
D13013.R1.fq.gz,FASTQ,DNA,"84,000",20910775,246,248.9,250
D13014.R1.fq.gz,FASTQ,DNA,"84,000",20916461,246,249,250
D13015.R1.fq.gz,FASTQ,DNA,"79,738",19849794,246,248.9,250
D13016.R1.fq.gz,FASTQ,DNA,"84,000",20910743,247,248.9,250
D13018.R1.fq.gz,FASTQ,DNA,"83,966",20902566,246,248.9,250
D13020.R1.fq.gz,FASTQ,DNA,"84,000",20911249,246,248.9,250
D13021.R1.fq.gz,FASTQ,DNA,"77,103",19194832,247,249,250
D13022.R1.fq.gz,FASTQ,DNA,"84,000",20911154,246,248.9,250
D13023.R1.fq.gz,FASTQ,DNA,"78,138",19451382,247,248.9,250
D13025.R1.fq.gz,FASTQ,DNA,"69,331",17255239,246,248.9,250
D13026.R1.fq.gz,FASTQ,DNA,"75,798",18864832,246,248.9,250
D13027.R1.fq.gz,FASTQ,DNA,"70,376",17515053,247,248.9,250
D13028.R1.fq.gz,FASTQ,DNA,"63,411",15781905,247,248.9,250
D13029.R1.fq.gz,FASTQ,DNA,"84,000",20905930,246,248.9,250
D13030.R1.fq.gz,FASTQ,DNA,"72,477",18037982,246,248.9,250
D13031.R1.fq.gz,FASTQ,DNA,"84,000",20905725,246,248.9,250
D13032.R1.fq.gz,FASTQ,DNA,"73,809",18369486,246,248.9,250
D13033.R1.fq.gz,FASTQ,DNA,"84,000",20906125,246,248.9,250
D13034.R1.fq.gz,FASTQ,DNA,"69,175",17216272,246,248.9,250
D13035.R1.fq.gz,FASTQ,DNA,"75,635",18824542,247,248.9,250
D13036.R1.fq.gz,FASTQ,DNA,"70,090",17443801,246,248.9,250
D13037.R1.fq.gz,FASTQ,DNA,"84,000",20905634,246,248.9,250
D13038.R1.fq.gz,FASTQ,DNA,"72,120",17949378,246,248.9,250
D13039.R1.fq.gz,FASTQ,DNA,"60,771",15124727,247,248.9,250
D13040.R1.fq.gz,FASTQ,DNA,"84,000",20905322,246,248.9,250
D13041.R1.fq.gz,FASTQ,DNA,"63,943",15914486,246,248.9,250
D13042.R1.fq.gz,FASTQ,DNA,"84,000",20906683,246,248.9,250
D13043.R1.fq.gz,FASTQ,DNA,"83,744",20842405,246,248.9,250
D13044.R1.fq.gz,FASTQ,DNA,"70,700",17596089,246,248.9,250
D13045.R1.fq.gz,FASTQ,DNA,"83,911",20883583,246,248.9,250
D13046.R1.fq.gz,FASTQ,DNA,"83,994",20904618,246,248.9,250
D13048.R1.fq.gz,FASTQ,DNA,"83,996",20905249,247,248.9,250
D13050.R1.fq.gz,FASTQ,DNA,"67,333",16757951,247,248.9,250
D13051.R1.fq.gz,FASTQ,DNA,"83,952",20893390,246,248.9,250
D13052.R1.fq.gz,FASTQ,DNA,"84,000",20905737,247,248.9,250
D13053.R1.fq.gz,FASTQ,DNA,"84,000",20905667,247,248.9,250
D13054.R1.fq.gz,FASTQ,DNA,"84,000",20905084,247,248.9,250
D13055.R1.fq.gz,FASTQ,DNA,"83,869",20873462,246,248.9,250
D13056.R1.fq.gz,FASTQ,DNA,"83,997",20905228,246,248.9,250
D13058.R1.fq.gz,FASTQ,DNA,"83,730",20838431,246,248.9,250
D13060.R1.fq.gz,FASTQ,DNA,"84,000",20905606,247,248.9,250
D13061.R1.fq.gz,FASTQ,DNA,"83,879",20875346,247,248.9,250
D13063.R1.fq.gz,FASTQ,DNA,"83,968",20897604,246,248.9,250
D13065.R1.fq.gz,FASTQ,DNA,"71,631",17827804,246,248.9,250
D13067.R1.fq.gz,FASTQ,DNA,"84,000",20905320,247,248.9,250
D13068.R1.fq.gz,FASTQ,DNA,"70,907",17646627,247,248.9,250
D13069.R1.fq.gz,FASTQ,DNA,"75,607",18816509,246,248.9,250
D13070.R1.fq.gz,FASTQ,DNA,"80,693",20083494,246,248.9,250
D13071.R1.fq.gz,FASTQ,DNA,"83,908",20881887,246,248.9,250
D13072.R1.fq.gz,FASTQ,DNA,"78,533",19544416,246,248.9,250
D13073.R1.fq.gz,FASTQ,DNA,"84,000",20905125,246,248.9,250
D13074.R1.fq.gz,FASTQ,DNA,"83,956",20895382,247,248.9,250
D13075.R1.fq.gz,FASTQ,DNA,"84,000",20905581,246,248.9,250
D13076.R1.fq.gz,FASTQ,DNA,"83,957",20896747,247,248.9,250
D13077.R1.fq.gz,FASTQ,DNA,"84,000",20905588,247,248.9,250
D13078.R1.fq.gz,FASTQ,DNA,"84,000",20904651,246,248.9,250
D13079.R1.fq.gz,FASTQ,DNA,"65,284",16247671,246,248.9,250
D13080.R1.fq.gz,FASTQ,DNA,"74,038",18426944,247,248.9,250
D13081.R1.fq.gz,FASTQ,DNA,"84,000",20904820,247,248.9,250
D13082.R1.fq.gz,FASTQ,DNA,"83,933",20891220,247,248.9,250
D13083.R1.fq.gz,FASTQ,DNA,"84,000",20905882,247,248.9,250
D13084.R1.fq.gz,FASTQ,DNA,"83,991",20901720,247,248.9,250
D13085.R1.fq.gz,FASTQ,DNA,"83,765",20846725,246,248.9,250
D13087.R1.fq.gz,FASTQ,DNA,"79,658",19824255,247,248.9,250
D13088.R1.fq.gz,FASTQ,DNA,"76,332",18996939,247,248.9,250
D13089.R1.fq.gz,FASTQ,DNA,"83,267",20723404,247,248.9,250
D13090.R1.fq.gz,FASTQ,DNA,"83,890",20879344,247,248.9,250
D13091.R1.fq.gz,FASTQ,DNA,"82,480",20526632,246,248.9,250
D13092.R1.fq.gz,FASTQ,DNA,"69,652",17334177,247,248.9,250
D13093.R1.fq.gz,FASTQ,DNA,"83,988",20902210,246,248.9,250
D13094.R1.fq.gz,FASTQ,DNA,"84,000",20905663,247,248.9,250
D13095.R1.fq.gz,FASTQ,DNA,"83,557",20794884,246,248.9,250
D13096.R1.fq.gz,FASTQ,DNA,"83,892",20878703,246,248.9,250
D13097.R1.fq.gz,FASTQ,DNA,"83,778",20849959,247,248.9,250
D13098.R1.fq.gz,FASTQ,DNA,"84,000",20904921,246,248.9,250
D13099.R1.fq.gz,FASTQ,DNA,"84,000",20905546,246,248.9,250
D13100.R1.fq.gz,FASTQ,DNA,"84,000",20905277,247,248.9,250
D13101.R1.fq.gz,FASTQ,DNA,"84,000",20904708,247,248.9,250
D13102.R1.fq.gz,FASTQ,DNA,"83,650",20818094,247,248.9,250
D13103.R1.fq.gz,FASTQ,DNA,"65,447",16288719,246,248.9,250
D13104.R1.fq.gz,FASTQ,DNA,"84,000",20905644,247,248.9,250
D13105.R1.fq.gz,FASTQ,DNA,"74,816",18619221,247,248.9,250
D13106.R1.fq.gz,FASTQ,DNA,"65,890",16397879,246,248.9,250
D13108.R1.fq.gz,FASTQ,DNA,"83,790",20855942,246,248.9,250
D13109.R1.fq.gz,FASTQ,DNA,"84,000",20908903,246,248.9,250
D13110.R1.fq.gz,FASTQ,DNA,"84,000",20908081,247,248.9,250
D13111.R1.fq.gz,FASTQ,DNA,"84,000",20908925,246,248.9,250
D13112.R1.fq.gz,FASTQ,DNA,"65,197",16227819,246,248.9,250
D13113.R1.fq.gz,FASTQ,DNA,"84,000",20907547,246,248.9,250
D13114.R1.fq.gz,FASTQ,DNA,"83,984",20904366,246,248.9,250
D13115.R1.fq.gz,FASTQ,DNA,"79,641",19823621,247,248.9,250
D13116.R1.fq.gz,FASTQ,DNA,"78,657",19578146,246,248.9,250
D13117.R1.fq.gz,FASTQ,DNA,"73,009",18172632,247,248.9,250
D13118.R1.fq.gz,FASTQ,DNA,"74,199",18469113,247,248.9,250
D13119.R1.fq.gz,FASTQ,DNA,"76,887",19137531,247,248.9,250
D13120.R1.fq.gz,FASTQ,DNA,"83,872",20876444,246,248.9,250
D13121.R1.fq.gz,FASTQ,DNA,"84,000",20909573,247,248.9,250
D13122.R1.fq.gz,FASTQ,DNA,"83,968",20900928,246,248.9,250
D13123.R1.fq.gz,FASTQ,DNA,"75,850",18879306,246,248.9,250
D13124.R1.fq.gz,FASTQ,DNA,"72,586",18067875,247,248.9,250
D13125.R1.fq.gz,FASTQ,DNA,"84,000",20908805,247,248.9,250
D13126.R1.fq.gz,FASTQ,DNA,"84,000",20907511,246,248.9,250
D13127.R1.fq.gz,FASTQ,DNA,"67,728",16857277,246,248.9,250
D13128.R1.fq.gz,FASTQ,DNA,"83,844",20870686,246,248.9,250
D13129.R1.fq.gz,FASTQ,DNA,"84,000",20908643,246,248.9,250
D13130.R1.fq.gz,FASTQ,DNA,"83,898",20883068,247,248.9,250
D13131.R1.fq.gz,FASTQ,DNA,"84,000",20908683,246,248.9,250
D13132.R1.fq.gz,FASTQ,DNA,"84,000",20908610,247,248.9,250
D13133.R1.fq.gz,FASTQ,DNA,"83,888",20880881,246,248.9,250
D13134.R1.fq.gz,FASTQ,DNA,"83,992",20906722,246,248.9,250
D13136.R1.fq.gz,FASTQ,DNA,"60,466",15050958,246,248.9,250
D13138.R1.fq.gz,FASTQ,DNA,"68,191",16973237,246,248.9,250
D13139.R1.fq.gz,FASTQ,DNA,"83,995",20906787,246,248.9,250
D13140.R1.fq.gz,FASTQ,DNA,"72,859",18134561,246,248.9,250
D13141.R1.fq.gz,FASTQ,DNA,"82,375",20503265,246,248.9,250
D13142.R1.fq.gz,FASTQ,DNA,"84,000",20907468,246,248.9,250
D13143.R1.fq.gz,FASTQ,DNA,"83,930",20890205,246,248.9,250
D13144.R1.fq.gz,FASTQ,DNA,"83,885",20879029,246,248.9,250
D13145.R1.fq.gz,FASTQ,DNA,"84,000",20909237,246,248.9,250
D13147.R1.fq.gz,FASTQ,DNA,"83,964",20899757,247,248.9,250
D13149.R1.fq.gz,FASTQ,DNA,"84,000",20906683,247,248.9,250
D13150.R1.fq.gz,FASTQ,DNA,"84,000",20906515,246,248.9,250
D13151.R1.fq.gz,FASTQ,DNA,"75,251",18729561,246,248.9,250
D13152.R1.fq.gz,FASTQ,DNA,"61,231",15238775,247,248.9,250
D13153.R1.fq.gz,FASTQ,DNA,"83,659",20831903,247,249,250
D13154.R1.fq.gz,FASTQ,DNA,"83,865",20873027,246,248.9,250
D13155.R1.fq.gz,FASTQ,DNA,"80,830",20117372,247,248.9,250
D13156.R1.fq.gz,FASTQ,DNA,"83,986",20903351,246,248.9,250
D13157.R1.fq.gz,FASTQ,DNA,"83,911",20884748,246,248.9,250
D13158.R1.fq.gz,FASTQ,DNA,"83,974",20900321,246,248.9,250
D13159.R1.fq.gz,FASTQ,DNA,"83,987",20903516,246,248.9,250
D13160.R1.fq.gz,FASTQ,DNA,"83,828",20872906,247,249,250
D13162.R1.fq.gz,FASTQ,DNA,"84,000",20905935,246,248.9,250
D13163.R1.fq.gz,FASTQ,DNA,"65,395",16275787,247,248.9,250
D13164.R1.fq.gz,FASTQ,DNA,"62,818",15634875,247,248.9,250
D13165.R1.fq.gz,FASTQ,DNA,"83,909",20884002,247,248.9,250
D13166.R1.fq.gz,FASTQ,DNA,"84,000",20906681,247,248.9,250
D13167.R1.fq.gz,FASTQ,DNA,"84,000",20907198,247,248.9,250
D13169.R1.fq.gz,FASTQ,DNA,"84,000",20907429,247,248.9,250
D13170.R1.fq.gz,FASTQ,DNA,"76,725",19096412,246,248.9,250
D13172.R1.fq.gz,FASTQ,DNA,"83,940",20891452,247,248.9,250
D13173.R1.fq.gz,FASTQ,DNA,"84,000",20906483,246,248.9,250
D13174.R1.fq.gz,FASTQ,DNA,"66,943",16661366,246,248.9,250
D13176.R1.fq.gz,FASTQ,DNA,"84,000",20906372,247,248.9,250
D13177.R1.fq.gz,FASTQ,DNA,"83,917",20886428,247,248.9,250
D13178.R1.fq.gz,FASTQ,DNA,"84,000",20906748,247,248.9,250
D13181.R1.fq.gz,FASTQ,DNA,"84,000",20906803,247,248.9,250
D13182.R1.fq.gz,FASTQ,DNA,"83,928",20888552,246,248.9,250
D13184.R1.fq.gz,FASTQ,DNA,"83,953",20894777,246,248.9,250
D13185.R1.fq.gz,FASTQ,DNA,"84,000",20906828,247,248.9,250
D13186.R1.fq.gz,FASTQ,DNA,"83,691",20830272,247,248.9,250
D13187.R1.fq.gz,FASTQ,DNA,"70,964",17662803,246,248.9,250
D13188.R1.fq.gz,FASTQ,DNA,"83,713",20835546,246,248.9,250
D13189.R1.fq.gz,FASTQ,DNA,"84,000",20906425,246,248.9,250
D13190.R1.fq.gz,FASTQ,DNA,"67,890",16896980,247,248.9,250
D13191.R1.fq.gz,FASTQ,DNA,"63,099",15704814,246,248.9,250
D21001.R1.fq.gz,FASTQ,DNA,"83,684",20828567,246,248.9,250
D21002.R1.fq.gz,FASTQ,DNA,"83,998",20905958,246,248.9,250
D21003.R1.fq.gz,FASTQ,DNA,"70,405",17522869,246,248.9,250
D21005.R1.fq.gz,FASTQ,DNA,"84,000",20907289,247,248.9,250
D21007.R1.fq.gz,FASTQ,DNA,"84,000",20906824,247,248.9,250
D21008.R1.fq.gz,FASTQ,DNA,"83,743",20842250,246,248.9,250
D21009.R1.fq.gz,FASTQ,DNA,"84,000",20906469,247,248.9,250
D21012.R1.fq.gz,FASTQ,DNA,"83,843",20868257,246,248.9,250
D21013.R1.fq.gz,FASTQ,DNA,"84,000",20907189,246,248.9,250
D21014.R1.fq.gz,FASTQ,DNA,"84,000",20907906,247,248.9,250
D21015.R1.fq.gz,FASTQ,DNA,"83,918",20885968,247,248.9,250
D21018.R1.fq.gz,FASTQ,DNA,"83,667",20824269,247,248.9,250
D21019.R1.fq.gz,FASTQ,DNA,"84,000",20907617,247,248.9,250
D21020.R1.fq.gz,FASTQ,DNA,"76,944",19150802,246,248.9,250
D21021.R1.fq.gz,FASTQ,DNA,"73,449",18280357,246,248.9,250
D21022.R1.fq.gz,FASTQ,DNA,"78,952",19650070,247,248.9,250
D21024.R1.fq.gz,FASTQ,DNA,"82,882",20628148,247,248.9,250
D21025.R1.fq.gz,FASTQ,DNA,"84,000",20906920,246,248.9,250
D21026.R1.fq.gz,FASTQ,DNA,"75,741",18851285,247,248.9,250
D21027.R1.fq.gz,FASTQ,DNA,"83,911",20885601,247,248.9,250
D21028.R1.fq.gz,FASTQ,DNA,"80,235",19969400,246,248.9,250
D21029.R1.fq.gz,FASTQ,DNA,"73,466",18285008,247,248.9,250
D21030.R1.fq.gz,FASTQ,DNA,"76,456",19029260,246,248.9,250
D21032.R1.fq.gz,FASTQ,DNA,"64,916",16156767,246,248.9,250
D21036.R1.fq.gz,FASTQ,DNA,"84,000",20906523,246,248.9,250
D21038.R1.fq.gz,FASTQ,DNA,"84,000",20907207,246,248.9,250
D21039.R1.fq.gz,FASTQ,DNA,"82,267",20475820,247,248.9,250
D21040.R1.fq.gz,FASTQ,DNA,"84,000",20906582,246,248.9,250
D21041.R1.fq.gz,FASTQ,DNA,"83,987",20903488,246,248.9,250
D21043.R1.fq.gz,FASTQ,DNA,"62,859",15644909,247,248.9,250
D21045.R1.fq.gz,FASTQ,DNA,"84,000",20906791,246,248.9,250
D21046.R1.fq.gz,FASTQ,DNA,"83,935",20890468,246,248.9,250
D21047.R1.fq.gz,FASTQ,DNA,"84,000",20907465,247,248.9,250
D21048.R1.fq.gz,FASTQ,DNA,"84,000",20907665,247,248.9,250
D21049.R1.fq.gz,FASTQ,DNA,"83,795",20854872,247,248.9,250
D21050.R1.fq.gz,FASTQ,DNA,"83,765",20848470,247,248.9,250
D21054.R1.fq.gz,FASTQ,DNA,"83,993",20905097,246,248.9,250
D21055.R1.fq.gz,FASTQ,DNA,"84,000",20906830,247,248.9,250
D21056.R1.fq.gz,FASTQ,DNA,"70,746",17608010,246,248.9,250
D21057.R1.fq.gz,FASTQ,DNA,"83,997",20906388,246,248.9,250
D21058.R1.fq.gz,FASTQ,DNA,"83,055",20672073,247,248.9,250
D21059.R1.fq.gz,FASTQ,DNA,"83,737",20841681,247,248.9,250
D21060.R1.fq.gz,FASTQ,DNA,"83,901",20882732,246,248.9,250
D21061.R1.fq.gz,FASTQ,DNA,"83,903",20883171,246,248.9,250
D21062.R1.fq.gz,FASTQ,DNA,"62,749",15618414,247,248.9,250
D21063.R1.fq.gz,FASTQ,DNA,"84,000",20907281,247,248.9,250
D21064.R1.fq.gz,FASTQ,DNA,"66,378",16521171,246,248.9,250
D21065.R1.fq.gz,FASTQ,DNA,"65,204",16228695,246,248.9,250
D21066.R1.fq.gz,FASTQ,DNA,"80,144",19947598,246,248.9,250
D21067.R1.fq.gz,FASTQ,DNA,"84,000",20907651,247,248.9,250
D21068.R1.fq.gz,FASTQ,DNA,"84,000",20907563,246,248.9,250
D21069.R1.fq.gz,FASTQ,DNA,"84,000",20907192,246,248.9,250
D21070.R1.fq.gz,FASTQ,DNA,"61,681",15352108,247,248.9,250
D21071.R1.fq.gz,FASTQ,DNA,"83,960",20897387,247,248.9,250
D21072.R1.fq.gz,FASTQ,DNA,"80,089",19934186,247,248.9,250
D21074.R1.fq.gz,FASTQ,DNA,"84,000",20907018,247,248.9,250
D21075.R1.fq.gz,FASTQ,DNA,"83,962",20898086,246,248.9,250
D21076.R1.fq.gz,FASTQ,DNA,"80,853",20123937,247,248.9,250
D21077.R1.fq.gz,FASTQ,DNA,"83,855",20871962,247,248.9,250
D21078.R1.fq.gz,FASTQ,DNA,"84,000",20906756,247,248.9,250
D21080.R1.fq.gz,FASTQ,DNA,"83,988",20904037,247,248.9,250
D21081.R1.fq.gz,FASTQ,DNA,"83,854",20870887,247,248.9,250
D21084.R1.fq.gz,FASTQ,DNA,"83,853",20870208,246,248.9,250
D21085.R1.fq.gz,FASTQ,DNA,"84,000",20906629,246,248.9,250
D21086.R1.fq.gz,FASTQ,DNA,"83,895",20881521,247,248.9,250
D21087.R1.fq.gz,FASTQ,DNA,"84,000",20907727,247,248.9,250
D21088.R1.fq.gz,FASTQ,DNA,"83,989",20904368,246,248.9,250
D21089.R1.fq.gz,FASTQ,DNA,"84,000",20907475,247,248.9,250
D21090.R1.fq.gz,FASTQ,DNA,"83,967",20898551,247,248.9,250
D21091.R1.fq.gz,FASTQ,DNA,"84,000",20906956,246,248.9,250
D21092.R1.fq.gz,FASTQ,DNA,"84,000",20907235,246,248.9,250
D21093.R1.fq.gz,FASTQ,DNA,"84,000",20907094,247,248.9,250
D21095.R1.fq.gz,FASTQ,DNA,"84,000",20907076,247,248.9,250
D21096.R1.fq.gz,FASTQ,DNA,"83,326",20739567,247,248.9,250
D21097.R1.fq.gz,FASTQ,DNA,"84,000",20907574,247,248.9,250
D21098.R1.fq.gz,FASTQ,DNA,"83,776",20851396,246,248.9,250
D21099.R1.fq.gz,FASTQ,DNA,"74,721",18597307,246,248.9,250
D21100.R1.fq.gz,FASTQ,DNA,"71,045",17683027,246,248.9,250
D21101.R1.fq.gz,FASTQ,DNA,"84,000",20907392,246,248.9,250
D21102.R1.fq.gz,FASTQ,DNA,"84,000",20906839,246,248.9,250
D21103.R1.fq.gz,FASTQ,DNA,"81,611",20312465,246,248.9,250
D21104.R1.fq.gz,FASTQ,DNA,"71,243",17732391,247,248.9,250
D21106.R1.fq.gz,FASTQ,DNA,"83,962",20897534,246,248.9,250
D21107.R1.fq.gz,FASTQ,DNA,"83,914",20885335,246,248.9,250
D21108.R1.fq.gz,FASTQ,DNA,"79,695",19835944,247,248.9,250
D21109.R1.fq.gz,FASTQ,DNA,"83,993",20905006,246,248.9,250
D21110.R1.fq.gz,FASTQ,DNA,"64,509",16056276,247,248.9,250
D21111.R1.fq.gz,FASTQ,DNA,"83,940",20891621,247,248.9,250
D21112.R1.fq.gz,FASTQ,DNA,"83,908",20883853,247,248.9,250
D21113.R1.fq.gz,FASTQ,DNA,"84,000",20907220,247,248.9,250
D21114.R1.fq.gz,FASTQ,DNA,"83,899",20881859,247,248.9,250
D21115.R1.fq.gz,FASTQ,DNA,"84,000",20908044,247,248.9,250
D21116.R1.fq.gz,FASTQ,DNA,"84,000",20907280,246,248.9,250
D21117.R1.fq.gz,FASTQ,DNA,"67,486",16796843,247,248.9,250
D21118.R1.fq.gz,FASTQ,DNA,"83,821",20863464,247,248.9,250
D21119.R1.fq.gz,FASTQ,DNA,"84,000",20907066,246,248.9,250
D21120.R1.fq.gz,FASTQ,DNA,"83,812",20860462,246,248.9,250
D21121.R1.fq.gz,FASTQ,DNA,"84,000",20907576,246,248.9,250
D21122.R1.fq.gz,FASTQ,DNA,"84,000",20906993,247,248.9,250
D21124.R1.fq.gz,FASTQ,DNA,"83,804",20859279,246,248.9,250
D21125.R1.fq.gz,FASTQ,DNA,"83,849",20870034,246,248.9,250
D21126.R1.fq.gz,FASTQ,DNA,"84,000",20907445,247,248.9,250
D21127.R1.fq.gz,FASTQ,DNA,"83,953",20896233,246,248.9,250
D21128.R1.fq.gz,FASTQ,DNA,"83,929",20899618,247,249,250
D21131.R1.fq.gz,FASTQ,DNA,"84,000",20907126,246,248.9,250
D21132.R1.fq.gz,FASTQ,DNA,"84,000",20907258,247,248.9,250
D21133.R1.fq.gz,FASTQ,DNA,"83,662",20823358,246,248.9,250
D21134.R1.fq.gz,FASTQ,DNA,"84,000",20907821,246,248.9,250
D21136.R1.fq.gz,FASTQ,DNA,"84,000",20906858,247,248.9,250
D21137.R1.fq.gz,FASTQ,DNA,"84,000",20907301,246,248.9,250
D21138.R1.fq.gz,FASTQ,DNA,"83,943",20894057,246,248.9,250
D21139.R1.fq.gz,FASTQ,DNA,"84,000",20907398,247,248.9,250
D21140.R1.fq.gz,FASTQ,DNA,"83,944",20894238,247,248.9,250
D21141.R1.fq.gz,FASTQ,DNA,"84,000",20906955,247,248.9,250
D21142.R1.fq.gz,FASTQ,DNA,"84,000",20906991,246,248.9,250
D21145.R1.fq.gz,FASTQ,DNA,"83,884",20877929,247,248.9,250
D21146.R1.fq.gz,FASTQ,DNA,"84,000",20916730,247,249,250
D21147.R1.fq.gz,FASTQ,DNA,"84,000",20905754,247,248.9,250
D21149.R1.fq.gz,FASTQ,DNA,"84,000",20905848,247,248.9,250
D21150.R1.fq.gz,FASTQ,DNA,"84,000",20906581,247,248.9,250
D21151.R1.fq.gz,FASTQ,DNA,"83,874",20884810,246,249,250
D21152.R1.fq.gz,FASTQ,DNA,"70,851",17634021,247,248.9,250
D21153.R1.fq.gz,FASTQ,DNA,"84,000",20906945,247,248.9,250
D21154.R1.fq.gz,FASTQ,DNA,"77,517",19292796,246,248.9,250
D21155.R1.fq.gz,FASTQ,DNA,"83,924",20887592,247,248.9,250
D21156.R1.fq.gz,FASTQ,DNA,"83,994",20904501,247,248.9,250
D21157.R1.fq.gz,FASTQ,DNA,"83,975",20899831,247,248.9,250
D21158.R1.fq.gz,FASTQ,DNA,"83,959",20896023,247,248.9,250
D21159.R1.fq.gz,FASTQ,DNA,"83,982",20902808,247,248.9,250
D21160.R1.fq.gz,FASTQ,DNA,"84,000",20906560,246,248.9,250
D21161.R1.fq.gz,FASTQ,DNA,"66,193",16474470,247,248.9,250
D21162.R1.fq.gz,FASTQ,DNA,"84,000",20906837,247,248.9,250
D21163.R1.fq.gz,FASTQ,DNA,"83,910",20884004,246,248.9,250
D21164.R1.fq.gz,FASTQ,DNA,"84,000",20907648,246,248.9,250
D21165.R1.fq.gz,FASTQ,DNA,"83,780",20851909,246,248.9,250
D21166.R1.fq.gz,FASTQ,DNA,"83,953",20894956,246,248.9,250
D21168.R1.fq.gz,FASTQ,DNA,"83,681",20827773,246,248.9,250
D21169.R1.fq.gz,FASTQ,DNA,"83,881",20877257,246,248.9,250
D21170.R1.fq.gz,FASTQ,DNA,"83,810",20859324,246,248.9,250
D21171.R1.fq.gz,FASTQ,DNA,"83,996",20905099,247,248.9,250
D21172.R1.fq.gz,FASTQ,DNA,"84,000",20906466,246,248.9,250
D21173.R1.fq.gz,FASTQ,DNA,"83,887",20878284,246,248.9,250
D21174.R1.fq.gz,FASTQ,DNA,"83,627",20813775,247,248.9,250
D21175.R1.fq.gz,FASTQ,DNA,"83,840",20866763,246,248.9,250
D21176.R1.fq.gz,FASTQ,DNA,"83,887",20878461,246,248.9,250
D21177.R1.fq.gz,FASTQ,DNA,"84,000",20906743,247,248.9,250
D21178.R1.fq.gz,FASTQ,DNA,"84,000",20906486,246,248.9,250
D21179.R1.fq.gz,FASTQ,DNA,"83,903",20882996,247,248.9,250
D21180.R1.fq.gz,FASTQ,DNA,"83,894",20880171,246,248.9,250
D21181.R1.fq.gz,FASTQ,DNA,"83,985",20903045,247,248.9,250
D21182.R1.fq.gz,FASTQ,DNA,"83,952",20895577,247,248.9,250
D21183.R1.fq.gz,FASTQ,DNA,"84,000",20907278,246,248.9,250
D21184.R1.fq.gz,FASTQ,DNA,"83,735",20840556,246,248.9,250
D21185.R1.fq.gz,FASTQ,DNA,"84,000",20906926,246,248.9,250
D21186.R1.fq.gz,FASTQ,DNA,"69,690",17345013,247,248.9,250
D21187.R1.fq.gz,FASTQ,DNA,"84,000",20907247,246,248.9,250
D21189.R1.fq.gz,FASTQ,DNA,"84,000",20906427,246,248.9,250
D21190.R1.fq.gz,FASTQ,DNA,"71,694",17844138,247,248.9,250
D21191.R1.fq.gz,FASTQ,DNA,"84,000",20907497,246,248.9,250
D21194.R1.fq.gz,FASTQ,DNA,"81,323",20240365,246,248.9,250
D21196.R1.fq.gz,FASTQ,DNA,"67,213",16728562,247,248.9,250
D21197.R1.fq.gz,FASTQ,DNA,"83,986",20903074,246,248.9,250
D21198.R1.fq.gz,FASTQ,DNA,"84,000",20907127,246,248.9,250
D21199.R1.fq.gz,FASTQ,DNA,"84,000",20906146,246,248.9,250
D21200.R1.fq.gz,FASTQ,DNA,"83,931",20889025,246,248.9,250
D22003.R1.fq.gz,FASTQ,DNA,"71,608",17822157,247,248.9,250
D22004.R1.fq.gz,FASTQ,DNA,"84,000",20906786,246,248.9,250
D22005.R1.fq.gz,FASTQ,DNA,"84,000",20906340,247,248.9,250
D22006.R1.fq.gz,FASTQ,DNA,"83,762",20847354,247,248.9,250
D22012.R1.fq.gz,FASTQ,DNA,"84,000",20906827,246,248.9,250
D22013.R1.fq.gz,FASTQ,DNA,"84,000",20906708,247,248.9,250
D22019.R1.fq.gz,FASTQ,DNA,"83,970",20899679,247,248.9,250
D22021.R1.fq.gz,FASTQ,DNA,"84,000",20906349,246,248.9,250
D22022.R1.fq.gz,FASTQ,DNA,"84,000",20906838,246,248.9,250
D22025.R1.fq.gz,FASTQ,DNA,"83,763",20847836,247,248.9,250
D22027.R1.fq.gz,FASTQ,DNA,"84,000",20906695,246,248.9,250
D22028.R1.fq.gz,FASTQ,DNA,"74,117",18451948,246,249,250
D22061.R1.fq.gz,FASTQ,DNA,"84,000",20911691,246,248.9,250
D22068.R1.fq.gz,FASTQ,DNA,"84,000",20911978,247,249,250
D22109.R1.fq.gz,FASTQ,DNA,"84,000",20911641,247,248.9,250
D22117.R1.fq.gz,FASTQ,DNA,"84,000",20923401,247,249.1,250
D22118.R1.fq.gz,FASTQ,DNA,"84,000",20922836,247,249.1,250
D22170.R1.fq.gz,FASTQ,DNA,"84,000",20908132,246,248.9,250
D11001.R2.fq.gz,FASTQ,DNA,"81,279",19305255,115,237.5,238
D11002.R2.fq.gz,FASTQ,DNA,"83,782",19823940,114,236.6,238
D11003.R2.fq.gz,FASTQ,DNA,"60,530",14234517,112,235.2,238
D11005.R2.fq.gz,FASTQ,DNA,"78,854",18628312,114,236.2,238
D11006.R2.fq.gz,FASTQ,DNA,"83,956",19789050,113,235.7,238
D11007.R2.fq.gz,FASTQ,DNA,"63,645",15115355,116,237.5,238
D11008.R2.fq.gz,FASTQ,DNA,"84,000",19880564,103,236.7,238
D11009.R2.fq.gz,FASTQ,DNA,"79,555",18750163,113,235.7,238
D11010.R2.fq.gz,FASTQ,DNA,"84,000",19967420,114,237.7,238
D11012.R2.fq.gz,FASTQ,DNA,"81,267",19156498,105,235.7,238
D11013.R2.fq.gz,FASTQ,DNA,"68,836",16364367,63,237.7,238
D11014.R2.fq.gz,FASTQ,DNA,"83,966",19879257,62,236.8,238
D11016.R2.fq.gz,FASTQ,DNA,"84,000",19965385,63,237.7,238
D11017.R2.fq.gz,FASTQ,DNA,"84,000",19874814,62,236.6,238
D11019.R2.fq.gz,FASTQ,DNA,"84,000",19974304,62,237.8,238
D11021.R2.fq.gz,FASTQ,DNA,"83,737",19748492,113,235.8,238
D11022.R2.fq.gz,FASTQ,DNA,"80,197",19064434,116,237.7,238
D11023.R2.fq.gz,FASTQ,DNA,"77,591",18365342,113,236.7,238
D11025.R2.fq.gz,FASTQ,DNA,"83,947",19971205,114,237.9,238
D11030.R2.fq.gz,FASTQ,DNA,"84,000",19800798,113,235.7,238
D11031.R2.fq.gz,FASTQ,DNA,"83,951",19975227,116,237.9,238
D11032.R2.fq.gz,FASTQ,DNA,"83,686",19827811,114,236.9,238
D11037.R2.fq.gz,FASTQ,DNA,"83,865",19953342,114,237.9,238
D11038.R2.fq.gz,FASTQ,DNA,"83,819",19857366,113,236.9,238
D11039.R2.fq.gz,FASTQ,DNA,"76,199",17963604,114,235.7,238
D11042.R2.fq.gz,FASTQ,DNA,"73,610",17356258,113,235.8,238
D11043.R2.fq.gz,FASTQ,DNA,"83,887",19937369,101,237.7,238
D11045.R2.fq.gz,FASTQ,DNA,"84,000",19779017,111,235.5,238
D11048.R2.fq.gz,FASTQ,DNA,"83,792",19753990,113,235.8,238
D11049.R2.fq.gz,FASTQ,DNA,"66,946",15903134,115,237.6,238
D11055.R2.fq.gz,FASTQ,DNA,"79,370",18870987,63,237.8,238
D11058.R2.fq.gz,FASTQ,DNA,"60,054",14270722,63,237.6,238
D11064.R2.fq.gz,FASTQ,DNA,"84,000",19888563,113,236.8,238
D11070.R2.fq.gz,FASTQ,DNA,"83,773",19927860,88,237.9,238
D11077.R2.fq.gz,FASTQ,DNA,"84,000",19896663,113,236.9,238
D11088.R2.fq.gz,FASTQ,DNA,"65,382",15533975,115,237.6,238
D11095.R2.fq.gz,FASTQ,DNA,"84,000",19989416,63,238,238
D11096.R2.fq.gz,FASTQ,DNA,"74,544",17578968,61,235.8,238
D11100.R2.fq.gz,FASTQ,DNA,"84,000",19975765,32,237.8,238
D11101.R2.fq.gz,FASTQ,DNA,"83,699",19825017,62,236.9,238
D11144.R2.fq.gz,FASTQ,DNA,"84,000",19981642,116,237.9,238
D11145.R2.fq.gz,FASTQ,DNA,"73,969",17439309,113,235.8,238
D11148.R2.fq.gz,FASTQ,DNA,"83,914",19779517,114,235.7,238
D11155.R2.fq.gz,FASTQ,DNA,"83,850",19950986,114,237.9,238
D11156.R2.fq.gz,FASTQ,DNA,"83,964",19891817,115,236.9,238
D11157.R2.fq.gz,FASTQ,DNA,"61,993",14614432,112,235.7,238
D11158.R2.fq.gz,FASTQ,DNA,"84,000",19982527,114,237.9,238
D11159.R2.fq.gz,FASTQ,DNA,"66,736",15803865,114,236.8,238
D11161.R2.fq.gz,FASTQ,DNA,"60,827",14450123,115,237.6,238
D11162.R2.fq.gz,FASTQ,DNA,"83,907",19867199,115,236.8,238
D11163.R2.fq.gz,FASTQ,DNA,"84,000",19781785,113,235.5,238
D11165.R2.fq.gz,FASTQ,DNA,"75,341",17808113,114,236.4,238
D11180.R2.fq.gz,FASTQ,DNA,"83,917",19880093,62,236.9,238
D11183.R2.fq.gz,FASTQ,DNA,"77,745",18405388,113,236.7,238
D11184.R2.fq.gz,FASTQ,DNA,"83,582",19715540,114,235.9,238
D11185.R2.fq.gz,FASTQ,DNA,"83,987",19976032,115,237.8,238
D11187.R2.fq.gz,FASTQ,DNA,"76,371",18004915,114,235.8,238
D11188.R2.fq.gz,FASTQ,DNA,"71,165",16913081,116,237.7,238
D11189.R2.fq.gz,FASTQ,DNA,"84,000",19888476,115,236.8,238
D11192.R2.fq.gz,FASTQ,DNA,"83,747",19835083,113,236.8,238
D11193.R2.fq.gz,FASTQ,DNA,"84,000",19805922,108,235.8,238
D11194.R2.fq.gz,FASTQ,DNA,"84,000",19971696,116,237.8,238
D11195.R2.fq.gz,FASTQ,DNA,"84,000",19894704,27,236.8,238
D11196.R2.fq.gz,FASTQ,DNA,"84,000",19818056,114,235.9,238
D12004.R2.fq.gz,FASTQ,DNA,"61,808",14558868,112,235.5,238
D12005.R2.fq.gz,FASTQ,DNA,"60,867",14459243,109,237.6,238
D12007.R2.fq.gz,FASTQ,DNA,"83,728",19758558,113,236,238
D12013.R2.fq.gz,FASTQ,DNA,"61,611",14529410,112,235.8,238
D12014.R2.fq.gz,FASTQ,DNA,"80,108",19048478,63,237.8,238
D12015.R2.fq.gz,FASTQ,DNA,"81,473",19295821,62,236.8,238
D12016.R2.fq.gz,FASTQ,DNA,"69,264",16334610,61,235.8,238
D12017.R2.fq.gz,FASTQ,DNA,"79,723",18956771,63,237.8,238
D12020.R2.fq.gz,FASTQ,DNA,"83,998",19802296,61,235.7,238
D12021.R2.fq.gz,FASTQ,DNA,"70,709",16812243,63,237.8,238
D12022.R2.fq.gz,FASTQ,DNA,"81,086",19209729,62,236.9,238
D12023.R2.fq.gz,FASTQ,DNA,"78,586",18540475,114,235.9,238
D12027.R2.fq.gz,FASTQ,DNA,"83,338",19821803,115,237.8,238
D12028.R2.fq.gz,FASTQ,DNA,"68,658",16258531,113,236.8,238
D12029.R2.fq.gz,FASTQ,DNA,"67,598",15942826,112,235.8,238
D12030.R2.fq.gz,FASTQ,DNA,"71,612",17034710,116,237.9,238
D12031.R2.fq.gz,FASTQ,DNA,"83,941",19881316,115,236.8,238
D12032.R2.fq.gz,FASTQ,DNA,"76,912",18136367,114,235.8,238
D12034.R2.fq.gz,FASTQ,DNA,"77,739",18414042,115,236.9,238
D12035.R2.fq.gz,FASTQ,DNA,"75,541",17811594,112,235.8,238
D12036.R2.fq.gz,FASTQ,DNA,"79,496",18908807,114,237.9,238
D12037.R2.fq.gz,FASTQ,DNA,"79,389",18801856,113,236.8,238
D12038.R2.fq.gz,FASTQ,DNA,"76,925",18142737,114,235.8,238
D12039.R2.fq.gz,FASTQ,DNA,"84,000",19986638,116,237.9,238
D12040.R2.fq.gz,FASTQ,DNA,"74,364",17616402,114,236.9,238
D12041.R2.fq.gz,FASTQ,DNA,"72,749",17159326,114,235.9,238
D12042.R2.fq.gz,FASTQ,DNA,"77,065",18329437,114,237.8,238
D12043.R2.fq.gz,FASTQ,DNA,"67,144",15905332,115,236.9,238
D12044.R2.fq.gz,FASTQ,DNA,"83,888",19785635,111,235.9,238
D12045.R2.fq.gz,FASTQ,DNA,"70,728",16803007,115,237.6,238
D12046.R2.fq.gz,FASTQ,DNA,"84,000",19884502,115,236.7,238
D12047.R2.fq.gz,FASTQ,DNA,"79,412",18695711,113,235.4,238
D12048.R2.fq.gz,FASTQ,DNA,"71,083",16873194,110,237.4,238
D12049.R2.fq.gz,FASTQ,DNA,"74,446",17596175,114,236.4,238
D12050.R2.fq.gz,FASTQ,DNA,"83,918",19781816,113,235.7,238
D12052.R2.fq.gz,FASTQ,DNA,"79,922",18912278,103,236.6,238
D12055.R2.fq.gz,FASTQ,DNA,"61,926",14652087,113,236.6,238
D12057.R2.fq.gz,FASTQ,DNA,"65,508",15571880,63,237.7,238
D12058.R2.fq.gz,FASTQ,DNA,"76,238",18050625,61,236.8,238
D12059.R2.fq.gz,FASTQ,DNA,"70,957",16732210,61,235.8,238
D12060.R2.fq.gz,FASTQ,DNA,"76,145",18097492,63,237.7,238
D12061.R2.fq.gz,FASTQ,DNA,"83,805",19840167,62,236.7,238
D12064.R2.fq.gz,FASTQ,DNA,"83,842",19941794,63,237.8,238
D13001.R2.fq.gz,FASTQ,DNA,"84,000",19897745,62,236.9,238
D13002.R2.fq.gz,FASTQ,DNA,"84,000",19814406,114,235.9,238
D13003.R2.fq.gz,FASTQ,DNA,"68,930",16386020,116,237.7,238
D13004.R2.fq.gz,FASTQ,DNA,"61,858",14643035,92,236.7,238
D13005.R2.fq.gz,FASTQ,DNA,"72,261",17042572,113,235.8,238
D13006.R2.fq.gz,FASTQ,DNA,"81,378",19357249,116,237.9,238
D13007.R2.fq.gz,FASTQ,DNA,"84,000",19893626,84,236.8,238
D13008.R2.fq.gz,FASTQ,DNA,"69,735",16440312,112,235.8,238
D13009.R2.fq.gz,FASTQ,DNA,"78,656",18695658,115,237.7,238
D13010.R2.fq.gz,FASTQ,DNA,"83,958",19876552,115,236.7,238
D13011.R2.fq.gz,FASTQ,DNA,"80,960",19079688,109,235.7,238
D13012.R2.fq.gz,FASTQ,DNA,"84,000",19982523,115,237.9,238
D13013.R2.fq.gz,FASTQ,DNA,"84,000",19893402,114,236.8,238
D13014.R2.fq.gz,FASTQ,DNA,"84,000",19818250,61,235.9,238
D13015.R2.fq.gz,FASTQ,DNA,"79,738",18956488,109,237.7,238
D13016.R2.fq.gz,FASTQ,DNA,"84,000",19889752,111,236.8,238
D13018.R2.fq.gz,FASTQ,DNA,"83,966",19803654,114,235.9,238
D13020.R2.fq.gz,FASTQ,DNA,"84,000",19897207,113,236.9,238
D13021.R2.fq.gz,FASTQ,DNA,"77,103",18179998,112,235.8,238
D13022.R2.fq.gz,FASTQ,DNA,"84,000",19976952,114,237.8,238
D13023.R2.fq.gz,FASTQ,DNA,"78,138",18504396,115,236.8,238
D13025.R2.fq.gz,FASTQ,DNA,"69,331",16455637,113,237.3,238
D13026.R2.fq.gz,FASTQ,DNA,"75,798",17823151,113,235.1,238
D13027.R2.fq.gz,FASTQ,DNA,"70,376",16680037,110,237,238
D13028.R2.fq.gz,FASTQ,DNA,"63,411",14954612,114,235.8,238
D13029.R2.fq.gz,FASTQ,DNA,"84,000",19797334,112,235.7,238
D13030.R2.fq.gz,FASTQ,DNA,"72,477",17208419,104,237.4,238
D13031.R2.fq.gz,FASTQ,DNA,"84,000",19879108,114,236.7,238
D13032.R2.fq.gz,FASTQ,DNA,"73,809",17389098,107,235.6,238
D13033.R2.fq.gz,FASTQ,DNA,"84,000",19947343,115,237.5,238
D13034.R2.fq.gz,FASTQ,DNA,"69,175",16360594,103,236.5,238
D13035.R2.fq.gz,FASTQ,DNA,"75,635",17823518,112,235.7,238
D13036.R2.fq.gz,FASTQ,DNA,"70,090",16651840,63,237.6,238
D13037.R2.fq.gz,FASTQ,DNA,"84,000",19881246,62,236.7,238
D13038.R2.fq.gz,FASTQ,DNA,"72,120",17001445,61,235.7,238
D13039.R2.fq.gz,FASTQ,DNA,"60,771",14430598,63,237.5,238
D13040.R2.fq.gz,FASTQ,DNA,"84,000",19877738,62,236.6,238
D13041.R2.fq.gz,FASTQ,DNA,"63,943",15054857,61,235.4,238
D13042.R2.fq.gz,FASTQ,DNA,"84,000",19976705,63,237.8,238
D13043.R2.fq.gz,FASTQ,DNA,"83,744",19752150,114,235.9,238
D13044.R2.fq.gz,FASTQ,DNA,"70,700",16795642,113,237.6,238
D13045.R2.fq.gz,FASTQ,DNA,"83,911",19856766,113,236.6,238
D13046.R2.fq.gz,FASTQ,DNA,"83,994",19807563,111,235.8,238
D13048.R2.fq.gz,FASTQ,DNA,"83,996",19885211,104,236.7,238
D13050.R2.fq.gz,FASTQ,DNA,"67,333",15988634,93,237.5,238
D13051.R2.fq.gz,FASTQ,DNA,"83,952",19866267,114,236.6,238
D13052.R2.fq.gz,FASTQ,DNA,"84,000",19791600,59,235.6,238
D13053.R2.fq.gz,FASTQ,DNA,"84,000",19980943,100,237.9,238
D13054.R2.fq.gz,FASTQ,DNA,"84,000",19892263,115,236.8,238
D13055.R2.fq.gz,FASTQ,DNA,"83,869",19763150,111,235.6,238
D13056.R2.fq.gz,FASTQ,DNA,"83,997",19964274,115,237.7,238
D13058.R2.fq.gz,FASTQ,DNA,"83,730",19821255,113,236.7,238
D13060.R2.fq.gz,FASTQ,DNA,"84,000",19983046,116,237.9,238
D13061.R2.fq.gz,FASTQ,DNA,"83,879",19868751,113,236.9,238
D13063.R2.fq.gz,FASTQ,DNA,"83,968",19965822,114,237.8,238
D13065.R2.fq.gz,FASTQ,DNA,"71,631",16881182,114,235.7,238
D13067.R2.fq.gz,FASTQ,DNA,"84,000",19874742,115,236.6,238
D13068.R2.fq.gz,FASTQ,DNA,"70,907",16675681,113,235.2,238
D13069.R2.fq.gz,FASTQ,DNA,"75,607",17940950,86,237.3,238
D13070.R2.fq.gz,FASTQ,DNA,"80,693",19069362,114,236.3,238
D13071.R2.fq.gz,FASTQ,DNA,"83,908",19782046,112,235.8,238
D13072.R2.fq.gz,FASTQ,DNA,"78,533",18655439,116,237.5,238
D13073.R2.fq.gz,FASTQ,DNA,"84,000",19880340,63,236.7,238
D13074.R2.fq.gz,FASTQ,DNA,"83,956",19784396,112,235.7,238
D13075.R2.fq.gz,FASTQ,DNA,"84,000",19954551,114,237.6,238
D13076.R2.fq.gz,FASTQ,DNA,"83,957",19875965,113,236.7,238
D13077.R2.fq.gz,FASTQ,DNA,"84,000",19969175,63,237.7,238
D13078.R2.fq.gz,FASTQ,DNA,"84,000",19891334,62,236.8,238
D13079.R2.fq.gz,FASTQ,DNA,"65,284",15391874,61,235.8,238
D13080.R2.fq.gz,FASTQ,DNA,"74,038",17594453,63,237.6,238
D13081.R2.fq.gz,FASTQ,DNA,"84,000",19888425,62,236.8,238
D13082.R2.fq.gz,FASTQ,DNA,"83,933",19783792,61,235.7,238
D13083.R2.fq.gz,FASTQ,DNA,"84,000",19978088,63,237.8,238
D13084.R2.fq.gz,FASTQ,DNA,"83,991",19893381,62,236.9,238
D13085.R2.fq.gz,FASTQ,DNA,"83,765",19760242,114,235.9,238
D13087.R2.fq.gz,FASTQ,DNA,"79,658",18857299,113,236.7,238
D13088.R2.fq.gz,FASTQ,DNA,"76,332",18001638,111,235.8,238
D13089.R2.fq.gz,FASTQ,DNA,"83,267",19797724,115,237.8,238
D13090.R2.fq.gz,FASTQ,DNA,"83,890",19867368,115,236.8,238
D13091.R2.fq.gz,FASTQ,DNA,"82,480",19441030,112,235.7,238
D13092.R2.fq.gz,FASTQ,DNA,"69,652",16546858,115,237.6,238
D13093.R2.fq.gz,FASTQ,DNA,"83,988",19868963,113,236.6,238
D13094.R2.fq.gz,FASTQ,DNA,"84,000",19799138,114,235.7,238
D13095.R2.fq.gz,FASTQ,DNA,"83,557",19875271,115,237.9,238
D13096.R2.fq.gz,FASTQ,DNA,"83,892",19864511,113,236.8,238
D13097.R2.fq.gz,FASTQ,DNA,"83,778",19743688,108,235.7,238
D13098.R2.fq.gz,FASTQ,DNA,"84,000",19966124,114,237.7,238
D13099.R2.fq.gz,FASTQ,DNA,"84,000",19890556,115,236.8,238
D13100.R2.fq.gz,FASTQ,DNA,"84,000",19813204,114,235.9,238
D13101.R2.fq.gz,FASTQ,DNA,"84,000",19986841,116,237.9,238
D13102.R2.fq.gz,FASTQ,DNA,"83,650",19815875,113,236.9,238
D13103.R2.fq.gz,FASTQ,DNA,"65,447",15425633,112,235.7,238
D13104.R2.fq.gz,FASTQ,DNA,"84,000",19974091,116,237.8,238
D13105.R2.fq.gz,FASTQ,DNA,"74,816",17714496,115,236.8,238
D13106.R2.fq.gz,FASTQ,DNA,"65,890",15535278,108,235.8,238
D13108.R2.fq.gz,FASTQ,DNA,"83,790",19814980,113,236.5,238
D13109.R2.fq.gz,FASTQ,DNA,"84,000",19752769,102,235.2,238
D13110.R2.fq.gz,FASTQ,DNA,"84,000",19917971,69,237.1,238
D13111.R2.fq.gz,FASTQ,DNA,"84,000",19830611,114,236.1,238
D13112.R2.fq.gz,FASTQ,DNA,"65,197",15341168,110,235.3,238
D13113.R2.fq.gz,FASTQ,DNA,"84,000",19950584,106,237.5,238
D13114.R2.fq.gz,FASTQ,DNA,"83,984",19852510,111,236.4,238
D13115.R2.fq.gz,FASTQ,DNA,"79,641",18759212,111,235.5,238
D13116.R2.fq.gz,FASTQ,DNA,"78,657",18676130,114,237.4,238
D13117.R2.fq.gz,FASTQ,DNA,"73,009",17260733,113,236.4,238
D13118.R2.fq.gz,FASTQ,DNA,"74,199",17484876,110,235.6,238
D13119.R2.fq.gz,FASTQ,DNA,"76,887",18264586,63,237.6,238
D13120.R2.fq.gz,FASTQ,DNA,"83,872",19855095,62,236.7,238
D13121.R2.fq.gz,FASTQ,DNA,"84,000",19801985,61,235.7,238
D13122.R2.fq.gz,FASTQ,DNA,"83,968",19949855,63,237.6,238
D13123.R2.fq.gz,FASTQ,DNA,"75,850",17924419,62,236.3,238
D13124.R2.fq.gz,FASTQ,DNA,"72,586",17092973,61,235.5,238
D13125.R2.fq.gz,FASTQ,DNA,"84,000",19965867,63,237.7,238
D13126.R2.fq.gz,FASTQ,DNA,"84,000",19879955,62,236.7,238
D13127.R2.fq.gz,FASTQ,DNA,"67,728",15960791,114,235.7,238
D13128.R2.fq.gz,FASTQ,DNA,"83,844",19927789,114,237.7,238
D13129.R2.fq.gz,FASTQ,DNA,"84,000",19875058,113,236.6,238
D13130.R2.fq.gz,FASTQ,DNA,"83,898",19781383,112,235.8,238
D13131.R2.fq.gz,FASTQ,DNA,"84,000",19968413,115,237.7,238
D13132.R2.fq.gz,FASTQ,DNA,"84,000",19882831,113,236.7,238
D13133.R2.fq.gz,FASTQ,DNA,"83,888",19773801,113,235.7,238
D13134.R2.fq.gz,FASTQ,DNA,"83,992",19954132,109,237.6,238
D13136.R2.fq.gz,FASTQ,DNA,"60,466",14229637,108,235.3,238
D13138.R2.fq.gz,FASTQ,DNA,"68,191",16132525,109,236.6,238
D13139.R2.fq.gz,FASTQ,DNA,"83,995",19786581,25,235.6,238
D13140.R2.fq.gz,FASTQ,DNA,"72,859",17302094,67,237.5,238
D13141.R2.fq.gz,FASTQ,DNA,"82,375",19480172,109,236.5,238
D13142.R2.fq.gz,FASTQ,DNA,"84,000",19793961,26,235.6,238
D13143.R2.fq.gz,FASTQ,DNA,"83,930",19960148,115,237.8,238
D13144.R2.fq.gz,FASTQ,DNA,"83,885",19854125,94,236.7,238
D13145.R2.fq.gz,FASTQ,DNA,"84,000",19804899,112,235.8,238
D13147.R2.fq.gz,FASTQ,DNA,"83,964",19878991,116,236.8,238
D13149.R2.fq.gz,FASTQ,DNA,"84,000",19965060,115,237.7,238
D13150.R2.fq.gz,FASTQ,DNA,"84,000",19873119,115,236.6,238
D13151.R2.fq.gz,FASTQ,DNA,"75,251",17709495,112,235.3,238
D13152.R2.fq.gz,FASTQ,DNA,"61,231",14521799,27,237.2,238
D13153.R2.fq.gz,FASTQ,DNA,"83,659",19908883,116,238,238
D13154.R2.fq.gz,FASTQ,DNA,"83,865",19774599,114,235.8,238
D13155.R2.fq.gz,FASTQ,DNA,"80,830",19209893,114,237.7,238
D13156.R2.fq.gz,FASTQ,DNA,"83,986",19884742,114,236.8,238
D13157.R2.fq.gz,FASTQ,DNA,"83,911",19779742,113,235.7,238
D13158.R2.fq.gz,FASTQ,DNA,"83,974",19959005,115,237.7,238
D13159.R2.fq.gz,FASTQ,DNA,"83,987",19879033,113,236.7,238
D13160.R2.fq.gz,FASTQ,DNA,"83,828",19864777,66,237,238
D13162.R2.fq.gz,FASTQ,DNA,"84,000",19891887,62,236.8,238
D13163.R2.fq.gz,FASTQ,DNA,"65,395",15419547,61,235.8,238
D13164.R2.fq.gz,FASTQ,DNA,"62,818",14924842,63,237.6,238
D13165.R2.fq.gz,FASTQ,DNA,"83,909",19861422,62,236.7,238
D13166.R2.fq.gz,FASTQ,DNA,"84,000",19804132,61,235.8,238
D13167.R2.fq.gz,FASTQ,DNA,"84,000",19975409,63,237.8,238
D13169.R2.fq.gz,FASTQ,DNA,"84,000",19813680,112,235.9,238
D13170.R2.fq.gz,FASTQ,DNA,"76,725",18241040,116,237.7,238
D13172.R2.fq.gz,FASTQ,DNA,"83,940",19802255,114,235.9,238
D13173.R2.fq.gz,FASTQ,DNA,"84,000",19981409,106,237.9,238
D13174.R2.fq.gz,FASTQ,DNA,"66,943",15845922,115,236.7,238
D13176.R2.fq.gz,FASTQ,DNA,"84,000",19966891,116,237.7,238
D13177.R2.fq.gz,FASTQ,DNA,"83,917",19867402,113,236.8,238
D13178.R2.fq.gz,FASTQ,DNA,"84,000",19803613,112,235.8,238
D13181.R2.fq.gz,FASTQ,DNA,"84,000",19802155,114,235.7,238
D13182.R2.fq.gz,FASTQ,DNA,"83,928",19956220,114,237.8,238
D13184.R2.fq.gz,FASTQ,DNA,"83,953",19799108,112,235.8,238
D13185.R2.fq.gz,FASTQ,DNA,"84,000",19984832,115,237.9,238
D13186.R2.fq.gz,FASTQ,DNA,"83,691",19827258,114,236.9,238
D13187.R2.fq.gz,FASTQ,DNA,"70,964",16731042,46,235.8,238
D13188.R2.fq.gz,FASTQ,DNA,"83,713",19908982,116,237.8,238
D13189.R2.fq.gz,FASTQ,DNA,"84,000",19894139,115,236.8,238
D13190.R2.fq.gz,FASTQ,DNA,"67,890",16004109,113,235.7,238
D13191.R2.fq.gz,FASTQ,DNA,"63,099",14983938,79,237.5,238
D21001.R2.fq.gz,FASTQ,DNA,"83,684",19806054,114,236.7,238
D21002.R2.fq.gz,FASTQ,DNA,"83,998",19981889,63,237.9,238
D21003.R2.fq.gz,FASTQ,DNA,"70,405",16594564,61,235.7,238
D21005.R2.fq.gz,FASTQ,DNA,"84,000",19980202,63,237.9,238
D21007.R2.fq.gz,FASTQ,DNA,"84,000",19985785,116,237.9,238
D21008.R2.fq.gz,FASTQ,DNA,"83,743",19842349,62,236.9,238
D21009.R2.fq.gz,FASTQ,DNA,"84,000",19896552,62,236.9,238
D21012.R2.fq.gz,FASTQ,DNA,"83,843",19782299,113,235.9,238
D21013.R2.fq.gz,FASTQ,DNA,"84,000",19819348,115,235.9,238
D21014.R2.fq.gz,FASTQ,DNA,"84,000",19983834,114,237.9,238
D21015.R2.fq.gz,FASTQ,DNA,"83,918",19796977,61,235.9,238
D21018.R2.fq.gz,FASTQ,DNA,"83,667",19899334,116,237.8,238
D21019.R2.fq.gz,FASTQ,DNA,"84,000",19815302,113,235.9,238
D21020.R2.fq.gz,FASTQ,DNA,"76,944",18103541,113,235.3,238
D21021.R2.fq.gz,FASTQ,DNA,"73,449",17431727,110,237.3,238
D21022.R2.fq.gz,FASTQ,DNA,"78,952",18657898,114,236.3,238
D21024.R2.fq.gz,FASTQ,DNA,"82,882",19697190,115,237.7,238
D21025.R2.fq.gz,FASTQ,DNA,"84,000",19884116,114,236.7,238
D21026.R2.fq.gz,FASTQ,DNA,"75,741",17848663,113,235.7,238
D21027.R2.fq.gz,FASTQ,DNA,"83,911",19942266,114,237.7,238
D21028.R2.fq.gz,FASTQ,DNA,"80,235",18988733,114,236.7,238
D21029.R2.fq.gz,FASTQ,DNA,"73,466",17318340,113,235.7,238
D21030.R2.fq.gz,FASTQ,DNA,"76,456",18174116,63,237.7,238
D21032.R2.fq.gz,FASTQ,DNA,"64,916",15305769,61,235.8,238
D21036.R2.fq.gz,FASTQ,DNA,"84,000",19979242,62,237.8,238
D21038.R2.fq.gz,FASTQ,DNA,"84,000",19813828,114,235.9,238
D21039.R2.fq.gz,FASTQ,DNA,"82,267",19556290,115,237.7,238
D21040.R2.fq.gz,FASTQ,DNA,"84,000",19887093,113,236.8,238
D21041.R2.fq.gz,FASTQ,DNA,"83,987",19809866,112,235.9,238
D21043.R2.fq.gz,FASTQ,DNA,"62,859",14880942,115,236.7,238
D21045.R2.fq.gz,FASTQ,DNA,"84,000",19966010,114,237.7,238
D21046.R2.fq.gz,FASTQ,DNA,"83,935",19867790,115,236.7,238
D21047.R2.fq.gz,FASTQ,DNA,"84,000",19801755,112,235.7,238
D21048.R2.fq.gz,FASTQ,DNA,"84,000",19982919,115,237.9,238
D21049.R2.fq.gz,FASTQ,DNA,"83,795",19844859,115,236.8,238
D21050.R2.fq.gz,FASTQ,DNA,"83,765",19749393,114,235.8,238
D21054.R2.fq.gz,FASTQ,DNA,"83,993",19983247,116,237.9,238
D21055.R2.fq.gz,FASTQ,DNA,"84,000",19899846,113,236.9,238
D21056.R2.fq.gz,FASTQ,DNA,"70,746",16677324,112,235.7,238
D21057.R2.fq.gz,FASTQ,DNA,"83,997",19977905,114,237.8,238
D21058.R2.fq.gz,FASTQ,DNA,"83,055",19668185,115,236.8,238
D21059.R2.fq.gz,FASTQ,DNA,"83,737",19919663,114,237.9,238
D21060.R2.fq.gz,FASTQ,DNA,"83,901",19877205,115,236.9,238
D21061.R2.fq.gz,FASTQ,DNA,"83,903",19789976,106,235.9,238
D21062.R2.fq.gz,FASTQ,DNA,"62,749",14907700,115,237.6,238
D21063.R2.fq.gz,FASTQ,DNA,"84,000",19894748,115,236.8,238
D21064.R2.fq.gz,FASTQ,DNA,"66,378",15625727,114,235.4,238
D21065.R2.fq.gz,FASTQ,DNA,"65,204",15478193,115,237.4,238
D21066.R2.fq.gz,FASTQ,DNA,"80,144",18955067,114,236.5,238
D21067.R2.fq.gz,FASTQ,DNA,"84,000",19811473,114,235.9,238
D21068.R2.fq.gz,FASTQ,DNA,"84,000",19968938,116,237.7,238
D21069.R2.fq.gz,FASTQ,DNA,"84,000",19889744,115,236.8,238
D21070.R2.fq.gz,FASTQ,DNA,"61,681",14536295,112,235.7,238
D21071.R2.fq.gz,FASTQ,DNA,"83,960",19963779,116,237.8,238
D21072.R2.fq.gz,FASTQ,DNA,"80,089",18957789,50,236.7,238
D21074.R2.fq.gz,FASTQ,DNA,"84,000",19977056,114,237.8,238
D21075.R2.fq.gz,FASTQ,DNA,"83,962",19889122,62,236.9,238
D21076.R2.fq.gz,FASTQ,DNA,"80,853",19070622,61,235.9,238
D21077.R2.fq.gz,FASTQ,DNA,"83,855",19940841,63,237.8,238
D21078.R2.fq.gz,FASTQ,DNA,"84,000",19891511,62,236.8,238
D21080.R2.fq.gz,FASTQ,DNA,"83,988",19980059,63,237.9,238
D21081.R2.fq.gz,FASTQ,DNA,"83,854",19864497,62,236.9,238
D21084.R2.fq.gz,FASTQ,DNA,"83,853",19860412,115,236.8,238
D21085.R2.fq.gz,FASTQ,DNA,"84,000",19818610,115,235.9,238
D21086.R2.fq.gz,FASTQ,DNA,"83,895",19960434,116,237.9,238
D21087.R2.fq.gz,FASTQ,DNA,"84,000",19892220,113,236.8,238
D21088.R2.fq.gz,FASTQ,DNA,"83,989",19807586,114,235.8,238
D21089.R2.fq.gz,FASTQ,DNA,"84,000",19977135,113,237.8,238
D21090.R2.fq.gz,FASTQ,DNA,"83,967",19886344,115,236.8,238
D21091.R2.fq.gz,FASTQ,DNA,"84,000",19811443,113,235.9,238
D21092.R2.fq.gz,FASTQ,DNA,"84,000",19988806,116,238,238
D21093.R2.fq.gz,FASTQ,DNA,"84,000",19899382,115,236.9,238
D21095.R2.fq.gz,FASTQ,DNA,"84,000",19977189,115,237.8,238
D21096.R2.fq.gz,FASTQ,DNA,"83,326",19739895,115,236.9,238
D21097.R2.fq.gz,FASTQ,DNA,"84,000",19816460,111,235.9,238
D21098.R2.fq.gz,FASTQ,DNA,"83,776",19935239,117,238,238
D21099.R2.fq.gz,FASTQ,DNA,"74,721",17616465,113,235.8,238
D21100.R2.fq.gz,FASTQ,DNA,"71,045",16875763,114,237.5,238
D21101.R2.fq.gz,FASTQ,DNA,"84,000",19890788,114,236.8,238
D21102.R2.fq.gz,FASTQ,DNA,"84,000",19787027,113,235.6,238
D21103.R2.fq.gz,FASTQ,DNA,"81,611",19382150,115,237.5,238
D21104.R2.fq.gz,FASTQ,DNA,"71,243",16836564,114,236.3,238
D21106.R2.fq.gz,FASTQ,DNA,"83,962",19960873,116,237.7,238
D21107.R2.fq.gz,FASTQ,DNA,"83,914",19871615,108,236.8,238
D21108.R2.fq.gz,FASTQ,DNA,"79,695",18786951,112,235.7,238
D21109.R2.fq.gz,FASTQ,DNA,"83,993",19973306,115,237.8,238
D21110.R2.fq.gz,FASTQ,DNA,"64,509",15265865,115,236.6,238
D21111.R2.fq.gz,FASTQ,DNA,"83,940",19796681,114,235.8,238
D21112.R2.fq.gz,FASTQ,DNA,"83,908",19955931,63,237.8,238
D21113.R2.fq.gz,FASTQ,DNA,"84,000",19899122,62,236.9,238
D21114.R2.fq.gz,FASTQ,DNA,"83,899",19791014,61,235.9,238
D21115.R2.fq.gz,FASTQ,DNA,"84,000",19977218,63,237.8,238
D21116.R2.fq.gz,FASTQ,DNA,"84,000",19897640,115,236.9,238
D21117.R2.fq.gz,FASTQ,DNA,"67,486",15903452,61,235.7,238
D21118.R2.fq.gz,FASTQ,DNA,"83,821",19941165,63,237.9,238
D21119.R2.fq.gz,FASTQ,DNA,"84,000",19902277,62,236.9,238
D21120.R2.fq.gz,FASTQ,DNA,"83,812",19772065,114,235.9,238
D21121.R2.fq.gz,FASTQ,DNA,"84,000",19978606,115,237.8,238
D21122.R2.fq.gz,FASTQ,DNA,"84,000",19896638,67,236.9,238
D21124.R2.fq.gz,FASTQ,DNA,"83,804",19938767,115,237.9,238
D21125.R2.fq.gz,FASTQ,DNA,"83,849",19859423,107,236.8,238
D21126.R2.fq.gz,FASTQ,DNA,"84,000",19814363,114,235.9,238
D21127.R2.fq.gz,FASTQ,DNA,"83,953",19969098,116,237.9,238
D21128.R2.fq.gz,FASTQ,DNA,"83,929",19802460,114,235.9,238
D21131.R2.fq.gz,FASTQ,DNA,"84,000",19900065,115,236.9,238
D21132.R2.fq.gz,FASTQ,DNA,"84,000",19810769,112,235.8,238
D21133.R2.fq.gz,FASTQ,DNA,"83,662",19900619,110,237.9,238
D21134.R2.fq.gz,FASTQ,DNA,"84,000",19899896,112,236.9,238
D21136.R2.fq.gz,FASTQ,DNA,"84,000",19988773,116,238,238
D21137.R2.fq.gz,FASTQ,DNA,"84,000",19903260,113,236.9,238
D21138.R2.fq.gz,FASTQ,DNA,"83,943",19798429,112,235.9,238
D21139.R2.fq.gz,FASTQ,DNA,"84,000",19902837,115,236.9,238
D21140.R2.fq.gz,FASTQ,DNA,"83,944",19795633,112,235.8,238
D21141.R2.fq.gz,FASTQ,DNA,"84,000",19985330,114,237.9,238
D21142.R2.fq.gz,FASTQ,DNA,"84,000",19898083,115,236.9,238
D21145.R2.fq.gz,FASTQ,DNA,"83,884",19863064,115,236.8,238
D21146.R2.fq.gz,FASTQ,DNA,"84,000",19988628,113,238,238
D21147.R2.fq.gz,FASTQ,DNA,"84,000",19954381,115,237.6,238
D21149.R2.fq.gz,FASTQ,DNA,"84,000",19807417,114,235.8,238
D21150.R2.fq.gz,FASTQ,DNA,"84,000",19971095,115,237.8,238
D21151.R2.fq.gz,FASTQ,DNA,"83,874",19792028,115,236,238
D21152.R2.fq.gz,FASTQ,DNA,"70,851",16698502,114,235.7,238
D21153.R2.fq.gz,FASTQ,DNA,"84,000",19970443,115,237.7,238
D21154.R2.fq.gz,FASTQ,DNA,"77,517",18348775,114,236.7,238
D21155.R2.fq.gz,FASTQ,DNA,"83,924",19791724,114,235.8,238
D21156.R2.fq.gz,FASTQ,DNA,"83,994",19977905,63,237.8,238
D21157.R2.fq.gz,FASTQ,DNA,"83,975",19890109,62,236.9,238
D21158.R2.fq.gz,FASTQ,DNA,"83,959",19806536,61,235.9,238
D21159.R2.fq.gz,FASTQ,DNA,"83,982",19966445,63,237.7,238
D21160.R2.fq.gz,FASTQ,DNA,"84,000",19891778,32,236.8,238
D21161.R2.fq.gz,FASTQ,DNA,"66,193",15598457,61,235.7,238
D21162.R2.fq.gz,FASTQ,DNA,"84,000",19982761,63,237.9,238
D21163.R2.fq.gz,FASTQ,DNA,"83,910",19879278,62,236.9,238
D21164.R2.fq.gz,FASTQ,DNA,"84,000",19816569,110,235.9,238
D21165.R2.fq.gz,FASTQ,DNA,"83,780",19922737,110,237.8,238
D21166.R2.fq.gz,FASTQ,DNA,"83,953",19886679,108,236.9,238
D21168.R2.fq.gz,FASTQ,DNA,"83,681",19907265,115,237.9,238
D21169.R2.fq.gz,FASTQ,DNA,"83,881",19867083,114,236.8,238
D21170.R2.fq.gz,FASTQ,DNA,"83,810",19766872,113,235.9,238
D21171.R2.fq.gz,FASTQ,DNA,"83,996",19978567,114,237.9,238
D21172.R2.fq.gz,FASTQ,DNA,"84,000",19895978,113,236.9,238
D21173.R2.fq.gz,FASTQ,DNA,"83,887",19784411,114,235.8,238
D21174.R2.fq.gz,FASTQ,DNA,"83,627",19895251,85,237.9,238
D21175.R2.fq.gz,FASTQ,DNA,"83,840",19859517,114,236.9,238
D21176.R2.fq.gz,FASTQ,DNA,"83,887",19782596,26,235.8,238
D21177.R2.fq.gz,FASTQ,DNA,"84,000",19979775,116,237.9,238
D21178.R2.fq.gz,FASTQ,DNA,"84,000",19898882,115,236.9,238
D21179.R2.fq.gz,FASTQ,DNA,"83,903",19794232,114,235.9,238
D21180.R2.fq.gz,FASTQ,DNA,"83,894",19961618,80,237.9,238
D21181.R2.fq.gz,FASTQ,DNA,"83,985",19897600,94,236.9,238
D21182.R2.fq.gz,FASTQ,DNA,"83,952",19803378,115,235.9,238
D21183.R2.fq.gz,FASTQ,DNA,"84,000",19984275,114,237.9,238
D21184.R2.fq.gz,FASTQ,DNA,"83,735",19835251,115,236.9,238
D21185.R2.fq.gz,FASTQ,DNA,"84,000",19809738,112,235.8,238
D21186.R2.fq.gz,FASTQ,DNA,"69,690",16557835,105,237.6,238
D21187.R2.fq.gz,FASTQ,DNA,"84,000",19892094,114,236.8,238
D21189.R2.fq.gz,FASTQ,DNA,"84,000",19949161,108,237.5,238
D21190.R2.fq.gz,FASTQ,DNA,"71,694",16949045,111,236.4,238
D21191.R2.fq.gz,FASTQ,DNA,"84,000",19809638,113,235.8,238
D21194.R2.fq.gz,FASTQ,DNA,"81,323",19171189,112,235.7,238
D21196.R2.fq.gz,FASTQ,DNA,"67,213",15907140,116,236.7,238
D21197.R2.fq.gz,FASTQ,DNA,"83,986",19806793,112,235.8,238
D21198.R2.fq.gz,FASTQ,DNA,"84,000",19979703,32,237.9,238
D21199.R2.fq.gz,FASTQ,DNA,"84,000",19896479,62,236.9,238
D21200.R2.fq.gz,FASTQ,DNA,"83,931",19796045,61,235.9,238
D22003.R2.fq.gz,FASTQ,DNA,"71,608",16874810,44,235.7,238
D22004.R2.fq.gz,FASTQ,DNA,"84,000",19985442,63,237.9,238
D22005.R2.fq.gz,FASTQ,DNA,"84,000",19901976,62,236.9,238
D22006.R2.fq.gz,FASTQ,DNA,"83,762",19761282,114,235.9,238
D22012.R2.fq.gz,FASTQ,DNA,"84,000",19809999,114,235.8,238
D22013.R2.fq.gz,FASTQ,DNA,"84,000",19973307,115,237.8,238
D22019.R2.fq.gz,FASTQ,DNA,"83,970",19969948,116,237.8,238
D22021.R2.fq.gz,FASTQ,DNA,"84,000",19817892,112,235.9,238
D22022.R2.fq.gz,FASTQ,DNA,"84,000",19988270,117,238,238
D22025.R2.fq.gz,FASTQ,DNA,"83,763",19926059,114,237.9,238
D22027.R2.fq.gz,FASTQ,DNA,"84,000",19810797,113,235.8,238
D22028.R2.fq.gz,FASTQ,DNA,"74,117",17612650,115,237.6,238
D22061.R2.fq.gz,FASTQ,DNA,"84,000",19979220,115,237.8,238
D22068.R2.fq.gz,FASTQ,DNA,"84,000",19896888,113,236.9,238
D22109.R2.fq.gz,FASTQ,DNA,"84,000",19983343,117,237.9,238
D22117.R2.fq.gz,FASTQ,DNA,"84,000",19813474,111,235.9,238
D22118.R2.fq.gz,FASTQ,DNA,"84,000",19973684,116,237.8,238
D22170.R2.fq.gz,FASTQ,DNA,"84,000",19978328,63,237.8,238