Order,D11001,D11002,D11003,D11005,D11006,D11007,D11008,D11009,D11010,D11012,D11013,D11014,D11016,D11017,D11019,D11021,D11022,D11023,D11025,D11030,D11031,D11032,D11037,D11038,D11039,D11042,D11043,D11045,D11048,D11049,D11055,D11058,D11064,D11070,D11077,D11088,D11095,D11096,D11100,D11101,D11144,D11145,D11148,D11155,D11156,D11157,D11158,D11159,D11161,D11162,D11163,D11165,D11180,D11183,D11184,D11185,D11187,D11188,D11189,D11192,D11193,D11194,D11195,D11196,D12004,D12005,D12007,D12013,D12014,D12015,D12016,D12017,D12020,D12021,D12022,D12023,D12027,D12028,D12029,D12030,D12031,D12032,D12034,D12035,D12036,D12037,D12038,D12039,D12040,D12041,D12042,D12043,D12044,D12045,D12046,D12047,D12048,D12049,D12050,D12052,D12055,D12057,D12058,D12059,D12060,D12061,D12064,D13001,D13002,D13003,D13004,D13005,D13006,D13007,D13008,D13009,D13010,D13011,D13012,D13013,D13014,D13015,D13016,D13018,D13020,D13021,D13022,D13023,D13025,D13026,D13027,D13028,D13029,D13030,D13031,D13032,D13033,D13034,D13035,D13036,D13037,D13038,D13039,D13040,D13041,D13042,D13043,D13044,D13045,D13046,D13048,D13050,D13051,D13052,D13053,D13054,D13055,D13056,D13058,D13060,D13061,D13063,D13065,D13067,D13068,D13069,D13070,D13071,D13072,D13073,D13074,D13075,D13076,D13077,D13078,D13079,D13080,D13081,D13082,D13083,D13084,D13085,D13087,D13088,D13089,D13090,D13091,D13092,D13093,D13094,D13095,D13096,D13097,D13098,D13099,D13100,D13101,D13102,D13103,D13104,D13105,D13106,D13108,D13109,D13110,D13111,D13112,D13113,D13114,D13115,D13116,D13117,D13118,D13119,D13120,D13121,D13122,D13123,D13124,D13125,D13126,D13127,D13128,D13129,D13130,D13131,D13132,D13133,D13134,D13136,D13138,D13139,D13140,D13141,D13142,D13143,D13144,D13145,D13147,D13149,D13150,D13151,D13152,D13153,D13154,D13155,D13156,D13157,D13158,D13159,D13160,D13162,D13163,D13164,D13165,D13166,D13167,D13169,D13170,D13172,D13173,D13174,D13176,D13177,D13178,D13181,D13182,D13184,D13185,D13186,D13187,D13188,D13189,D13190,D13191,D21001,D21002,D21003,D21005,D21007,D21008,D21009,D21012,D21013,D21014,D21015,D21018,D21019,D21020,D21021,D21022,D21024,D21025,D21026,D21027,D21028,D21029,D21030,D21032,D21036,D21038,D21039,D21040,D21041,D21043,D21045,D21046,D21047,D21048,D21049,D21050,D21054,D21055,D21056,D21057,D21058,D21059,D21060,D21061,D21062,D21063,D21064,D21065,D21066,D21067,D21068,D21069,D21070,D21071,D21072,D21074,D21075,D21076,D21077,D21078,D21080,D21081,D21084,D21085,D21086,D21087,D21088,D21089,D21090,D21091,D21092,D21093,D21095,D21096,D21097,D21098,D21099,D21100,D21101,D21102,D21103,D21104,D21106,D21107,D21108,D21109,D21110,D21111,D21112,D21113,D21114,D21115,D21116,D21117,D21118,D21119,D21120,D21121,D21122,D21124,D21125,D21126,D21127,D21128,D21131,D21132,D21133,D21134,D21136,D21137,D21138,D21139,D21140,D21141,D21142,D21145,D21146,D21147,D21149,D21150,D21151,D21152,D21153,D21154,D21155,D21156,D21157,D21158,D21159,D21160,D21161,D21162,D21163,D21164,D21165,D21166,D21168,D21169,D21170,D21171,D21172,D21173,D21174,D21175,D21176,D21177,D21178,D21179,D21180,D21181,D21182,D21183,D21184,D21185,D21186,D21187,D21189,D21190,D21191,D21194,D21196,D21197,D21198,D21199,D21200,D22003,D22004,D22005,D22006,D22012,D22013,D22019,D22021,D22022,D22025,D22027,D22028,D22061,D22068,D22109,D22117,D22118,D22170,All
Clostridiales,30.8,22.2,29.8,45.1,25.8,31.1,37.8,18,7.83,1.45,17.5,25.4,15.4,37,14,14.5,75.8,19.9,14.3,12.7,21.9,11.2,23.3,24.6,36.8,10.1,15.6,34.4,16.4,17.8,20.9,27.8,17.1,43.6,33.5,31.1,43.1,25.4,17.5,13,18.3,24.6,21.3,17.8,23.5,44.6,27.6,38.2,34.9,23,27.6,3.44,27.3,11.3,39.4,33.1,20.2,18.4,17.5,38.4,23.5,24.4,10.5,16.3,25.1,4.05,9.76,17.4,47.6,23.1,25.8,36.6,32.9,34.1,25.8,19.8,17.3,16.8,55,15.2,1.12,28.6,25,17.1,21.6,20.3,15.8,16.2,12.7,26.6,21.1,38.7,19.4,55.6,18.8,24.2,24.4,16.5,18,9.3,28.2,23.1,28.4,30.1,25.8,27.4,12.9,27.7,29,36.8,20.5,14.7,44.5,16.2,48.2,36.6,18.8,14.1,25.9,21.9,13.5,12.2,24,32.5,31.7,40.8,72.6,23.3,21.6,17.7,18.7,31.1,20.8,17.9,21.5,28.4,40.6,20.3,20.1,32.8,66.4,14.1,24.6,37.1,23.9,16.1,38.4,20,23.5,21.2,31.6,22.1,29.6,52.1,20.7,1.76,29.1,14.8,34.4,22.9,18.5,24.7,27,28.9,23.2,30.5,21.5,36,23,29.3,34.5,45.1,52.9,23.9,26.2,23.1,36.4,47.9,25.6,17.1,13.4,29.7,17.1,21.6,27.1,25.2,26.8,20.9,31.7,8.39,26.2,13.9,21.3,20.5,8.66,17.4,35.1,21.6,12,20.8,29.5,26.9,42.8,15.1,24.7,32.2,32.5,17.4,26,31.2,37.4,25.2,14.8,30.3,50.3,13.8,28.9,12.2,17.4,17,57.3,10.3,18.7,23.5,17.3,22.7,39.8,19.4,29.3,25.4,34,41.7,26.8,34.8,31.5,10.3,6.96,12.7,31.5,26.1,17.1,25.2,42.8,22.1,36.6,53.2,20.9,12.3,47.6,20.1,8.34,33.9,17.5,24.8,14.8,18,22.6,20.3,17.8,28,30.9,28.1,33.5,14.3,12,13.3,24.1,21.4,31.1,15.6,27,39.3,39.7,14.8,23,38.8,33,31.2,36.1,17.4,46.7,40.1,16.3,24.1,14,22.9,9.24,3.69,12.2,27.4,34.3,34.2,27.2,13.6,18.9,16.9,10.5,34.6,31.2,39.5,27.4,15.6,24.9,31.6,26,29.7,28,15.4,20.6,11.3,53.2,15.4,13.7,10.2,20.6,7.55,17.6,11.3,17.4,8.17,13.9,14.6,7.29,7.36,7.92,9.18,8.09,14.8,8.09,21.2,12.4,22.7,19.9,15.6,18.1,10.6,14.8,12.3,7.75,8.79,6.89,9.63,8.11,24.1,20.8,9.32,23.1,19.9,26.6,44.8,11.9,20.8,31.1,21.8,34.6,30.2,28.8,20.1,21.5,21.4,25.6,45.2,21.3,22.6,31.3,23.6,18.4,26.4,29.9,22.9,17.9,24.5,18.9,24.3,19.6,38.2,29.4,36.7,35.2,27.6,25,21.6,19.5,22.5,27.2,29,33.3,35,29.9,29.6,29.8,37.1,33.5,27.8,25.4,2.87,15.8,20.7,31.2,11,3.04,15.9,3.35,22,19.7,28,29.6,27.5,28.2,29.8,3.12,22.4,33.7,13,4.19,15.3,21.3,11.2,27.7,35.1,19.3,13,13.2,11,11.9,19.1,36.1,17.7,18.2,24.6,34.7,14.8,17,17.6,13,25.1,22.9,35.5,24.7,12.2,25.5,58,35,19.2,18.8,30.3,42.1,28.3,13.8,51.4,37.9,15.7,22,18.8,29.8,15.2,24.6,4.07,45.9
Bacteroidales,52.5,27.6,61,17.3,54.2,60.5,41.6,75.8,25.1,29.3,76.1,56.5,65.1,20.9,81.6,70.6,9.57,60.9,49.9,75.1,61.4,33.1,67.1,61.5,51.5,74.7,76.2,53.8,72.6,77.7,71.7,43.4,63.1,52,57.6,48.6,46.6,51.9,66.4,60.6,73.2,33.5,58.1,48.3,60,39.6,61.7,34.8,43.5,59.5,67.3,58.9,68.8,45.7,55.9,58.7,64.3,76,72.4,50.9,53.2,63.7,81.2,62.6,51.6,74.4,18.6,73.9,38.9,71.8,57.8,62.3,39.1,28.2,55.4,72.3,76,44.5,0.608,63.3,43.5,63.7,66.2,70.1,55.7,70.3,75.2,67,71,58.4,59.4,48.6,51.8,9.43,52.7,68.2,42.2,75.8,68.3,75,61.3,32.9,25.4,55.2,62.5,68.1,61.1,60.4,56.7,45.2,72.8,70.1,47.9,31.4,33.3,57.5,59.4,43.1,39.8,69.5,46.8,53.9,66.6,59.4,51.1,55.2,15.1,68.6,54.4,71.4,68.1,56.6,57.3,76.8,39.6,55.2,47.6,60.6,60.7,44.4,30,72.9,64.3,50.6,50.6,52.5,57.8,65.5,71,68.2,55.5,70.5,62.2,41,62.1,0.965,58.5,72.5,56.3,63.1,75.5,60.8,47.3,53.5,66.8,48.5,44.6,45.2,56.1,66.1,18.3,35.4,22,64.8,52.9,67.4,56.3,46.5,53.1,57.1,3,56.6,66,68.4,65.1,55.5,53.9,57.4,39.6,44.8,50.6,70.1,46.5,66,68,66.1,57.7,68.9,48.9,55.4,51.5,53.1,35.7,73.3,56.4,57.2,48.9,74.7,54.9,44.9,41.5,58.3,67.4,51.9,42.6,74.4,60.6,67.7,50.2,65.2,20.8,79.4,68.7,42.6,69.1,62.4,45.1,66,54.3,67,50.6,45.2,65.3,57.3,62.9,81.3,78.5,39.6,53.5,68.4,54.4,67.9,55,60.4,46.6,39.4,71.6,81.1,12.2,75.1,0.412,55.7,50,65.9,70.7,51.4,50.5,70.9,71.4,66.4,52.8,58.2,59.4,70.5,83.7,65.3,65.9,63.7,48.1,72.5,63.3,56.5,43.4,46.9,66.6,58.8,58.1,60.1,59.3,52.2,46.7,31.1,74.8,62.4,81.5,61.4,44.5,24.2,75,24.3,56.5,50.2,60.3,73.6,42.1,62.2,70.1,53.1,49.4,55.3,49.6,59.4,64.5,60.5,44.1,55.7,55.3,73.3,50.7,73.1,42.4,68.4,67.2,73.2,60.5,84.5,60.4,64.8,69.2,81.1,64.2,66.2,66.9,88.7,85.1,80.8,83.4,61.8,87.2,63.9,60.5,59.3,62.8,75.5,67.8,64.6,65.9,70.3,81.6,81.7,88.3,73.4,85.3,59,65.5,77.2,66.9,65.8,67.9,48.2,68.7,56.5,61.5,55.6,54.6,61.5,57.9,65.1,61.9,61,57.8,50.1,67.1,70.1,62.3,59.5,47.8,52.6,38.8,50.2,56.9,65.4,65.1,63.6,68,54.6,38.4,54.7,59.1,58.5,48.7,43.2,68.7,50.7,59.3,39.3,21.6,41.5,4.44,45.6,3.99,28.2,13,48.9,61.7,14.4,78.6,66.7,55.7,83.4,5.75,74.4,1.7,67.7,71.2,57.8,35.2,50.4,66.1,63.9,3.23,72.9,61.7,80.8,6.79,75.6,70.9,74.1,56.8,11,73.4,78.8,80.1,82.7,80,76.9,25.4,74.5,74.4,69.7,13.7,79.7,76.5,76.4,81.6,68.6,71.7,58.5,67.6,58.6,68.4,35.3,53.9,72.9,17.1,66.3,52.7,61.1,72.3,39.9,54.5,78.5,63.8,66,63.3,79.6,50.4,66.1,25.4
Veillonellales,3.3,0.104,0.0788,0.177,0.2,0.0519,1.23,0.113,0.567,1.21,0.26,0.119,0.0923,0.538,0.254,0.162,0.0846,0.242,0.0404,0.781,0.421,0.169,0.0423,0.0481,0.113,0.465,0.0962,1.06,0.123,0.0731,1.04,0.819,0.404,0.196,0.179,0.269,0.279,0.106,0.181,14.5,0.0904,3.77,6.15,0.154,1.49,0.115,0.169,1.4,2.89,1.5,0.0692,0.317,0.025,0.183,0.0865,0.469,0.0577,0.337,0.146,0.0808,1.92,0.0654,0.0404,1.66,0.0673,13,2.27,2.35,0.919,0.177,0.102,0.0519,0.0942,6.17,1.1,0.137,0.0635,0.0865,11,0.275,2.24,0.106,0.16,0.104,2.71,4.78,0.0654,0.104,0.146,0.158,2.49,0.135,22.1,0.723,0.469,0.296,21.2,0.808,0.144,0.0788,0.431,0.285,0.442,0.837,0.385,1,0.123,0.398,8.77,0.206,0.115,0.446,1.19,0.113,0.483,0.35,5.69,1.88,18.1,0.131,1.56,1.04,0.163,0.815,0.687,0.206,0.727,1.71,0.958,0.162,0.196,0.267,1.32,0.229,0.835,0.544,5.76,4.54,0.469,3.16,0.0962,0.198,3.97,0.252,1.17,0.196,0.119,0.0904,0.0923,1.83,0.604,0.512,3.48,0.121,3.56,0.0481,0.106,0.0404,0.26,0.315,0.317,3.86,0.075,0.671,1.05,7.1,0.556,0.202,0.419,0.0788,0.19,0.112,2.97,0.913,0.0981,0.0635,0.621,0.152,0.127,1.85,0.121,0.712,1.77,0.246,0.312,1.33,0.19,0.0981,10.6,0.556,5.42,3.7,1.09,0.131,0.108,0.0692,0.108,0.413,6.17,5,1.27,4.42,0.283,0.156,0.494,0.883,2.7,0.592,1.32,1.69,3.58,2.09,0.777,1.8,0.8,0.148,4.1,0.237,0.938,1.22,1.84,0.825,0.829,0.513,1.06,0.129,0.421,1.88,0.352,0.187,0.229,0.283,0.0942,0.144,0.213,0.0808,0.0865,10.2,0.175,0.552,6.09,4.66,0.104,0.94,1.1,0.387,0.413,0.0673,1.09,1.15,7.12,1.92,11.4,1.47,0.477,0.279,9.89,0.0846,2.31,0.994,1.15,0.173,0.429,7.5,0.117,9.62,0.302,0.633,5.95,1.99,0.398,0.158,0.235,15.2,0.423,0.288,0.333,0.988,0.369,0.196,0.117,0.546,0.0769,0.812,0.398,0.69,2.52,0.144,0.242,0.0673,0.148,1.48,2.41,0.0538,0.715,8.6,0.0981,1.05,0.0769,0.2,0.469,0.0519,0.0808,0.183,14.9,0.794,0.0981,1.06,0.121,0.308,0.0519,0.215,0.269,0.175,0.188,0.0346,0.412,0.512,0.233,0.0115,0.34,0.542,0.215,0.00769,0.0231,0.0154,0.025,0.0942,0.00385,0.577,0.269,0.648,0.137,0.292,0.606,0.288,0.131,0.14,0.0192,0.0231,0.0135,0.131,0.0288,0.444,0.0962,0.0173,0.265,1.58,0.446,0.221,1.05,0.0846,0.0404,2.71,0.0346,0.131,0.148,0.0269,0.0462,0.0231,0.0865,0.431,0.0192,0.125,0.571,0.025,0.0327,0.0154,0.0212,0.05,0.0288,0.0365,0.025,0.638,0.0115,0.244,0.0154,0.346,0.471,0.0154,0.0346,0.0308,0.0462,0.0577,0.05,0.0558,0.108,0.0654,0.137,0.138,0.194,0.321,0.271,0.135,0.0712,19.4,0.213,0.0827,0.0827,0.113,20.9,0.325,7.75,0.285,0.0462,0.0577,0.181,0.115,0.387,0.298,7.27,0.333,0.538,0.163,7.34,0.173,0.135,6.02,0.0788,0.135,0.183,3.29,0.108,0.304,2.39,0.215,0.129,0.187,0.156,0.333,0.112,0.2,0.0673,0.121,0.0615,0.267,0.144,0.0673,0.373,0.11,0.125,0.131,1.03,1.1,0.075,0.61,0.156,0.0385,1.19,0.156,0.377,0.523,0.0846,2.96,2.54,0.556,0.473,10.5,3.8
Erysipelotrichales,1.64,1.6,0.425,7.59,0.729,0.788,0.742,0.165,0.254,0.252,1.45,0.212,0.133,0.208,0.16,0.0846,5.73,0.221,0.223,5.11,6.01,9.71,0.867,0.725,0.56,0.206,0.0288,0.0538,0.24,0.281,0.213,0.369,0.387,0.292,0.292,0.435,0.687,0.0712,0.227,0.231,0.0442,0.142,0.175,0.344,0.273,0.106,0.988,0.325,0.231,1.38,0.0808,0.415,0.235,0.398,0.498,0.483,2.04,0.129,0.112,0.129,0.115,0.106,0.165,0.123,0.173,0.156,0.225,0.252,5.95,0.0865,0.652,0.0904,7.05,0.221,0.712,0.552,0.271,0.752,2.69,0.21,0.0173,0.602,0.16,0.277,0.419,0.0327,2.17,0.0654,0.142,1.45,0.0846,0.231,0.0942,1.01,0.24,0.106,0.0962,0.267,1.09,0.0788,0.112,3.3,2.24,0.967,0.0769,1.41,0.213,0.0673,1.9,0.335,1.22,0.363,0.169,0.223,0.6,0.0558,0.287,0.171,1.84,0.383,0.377,0.835,1.78,1.6,0.285,0.0577,0.125,0.0942,0.0788,0.26,0.0904,0.338,0.075,0.0327,0.481,0.294,0.0769,0.267,0.271,0.579,0.979,0.281,0.0423,0.0712,0.288,0.137,0.138,0.263,0.35,0.0519,0.163,0.685,0.2,0.0904,1.13,0.0212,0.558,0.133,0.265,0.377,0.367,0.179,0.602,0.204,0.571,4.68,0.379,0.194,0.637,0.115,0.606,0.16,0.177,0.0654,0.698,0.585,0.217,0.0865,0.725,0.0885,0.175,0.346,0.196,0.904,0.102,0.117,2.77,0.0731,0.702,0.0462,1.21,0.163,0.233,0.108,0.0827,0.171,0.431,0.0577,0.423,0.313,0.0423,0.16,0.581,0.127,0.177,0.285,0.39,0.1,0.202,0.206,0.31,0.181,0.19,0.337,0.342,0.246,0.0231,0.0288,0.0731,0.313,2.1,0.229,0.0519,0.398,0.167,0.263,0.0962,0.194,1.35,0.131,0.542,0.367,0.494,0.533,0.613,0.223,1.96,0.862,0.183,0.138,0.0442,0.156,0.0731,0.387,2.41,0.346,0.0962,0.148,0.312,0.127,0.0269,0.165,0.115,0.0538,0.525,0.115,0.0327,0.335,0.198,0.0442,0.112,1.21,0.0827,0.602,0.227,0.127,2.17,0.129,0.215,0.104,0.646,0.158,0.19,0.167,0.287,0.91,0.304,1,0.115,0.615,0.175,0.994,0.0981,0.0596,0.0577,0.0442,0.144,0.156,0.144,0.488,0.0904,0.515,1.38,0.188,0.192,0.298,0.0712,0.408,0.169,0.217,0.112,0.0154,0.567,0.113,0.41,1.31,0.915,0.0731,0.169,0.0404,0.0865,0.0385,0.0173,0.0212,0.0231,0.102,0.0173,0.0173,0.0442,0.152,0.0288,0.0462,0.05,0.152,0.0942,0.238,0.194,0.0115,0.146,0.0346,0.0308,0.0635,0.0154,0.0192,0.025,0.025,0.0327,0.0269,0.221,0.187,0.0788,0.00769,0.119,0.0423,0.0288,0.144,0.0269,0.323,0.221,0.337,0.538,0.508,0.442,0.263,0.431,0.348,0.285,0.148,0.321,0.319,0.215,0.375,0.312,0.379,0.565,0.292,0.194,0.329,0.4,0.296,0.283,0.312,0.129,1.14,0.325,0.287,0.383,0.319,0.313,0.348,0.248,0.323,0.265,0.256,0.196,0.263,0.252,0.9,0.529,0.479,0.523,0.356,0.279,1.01,0.481,0.025,1.29,0.294,0.504,0.892,0.05,1.54,0.0519,1.89,1.07,0.462,0.731,0.337,0.0962,1.4,0.0481,0.288,0.115,0.8,0.0365,1.97,2.22,0.142,0.44,0.483,2.29,0.0692,1.26,1.03,0.115,0.244,0.39,1.28,1.44,0.921,0.55,0.658,1.21,0.56,1.23,1.72,1.45,0.437,0.731,0.94,0.452,0.415,0.177,0.16,1.32,0.0712,1.64,0.794,0.283,0.113,0.129,0.0577,0.842,0.606,0.165,0.46,1.24,0.16,3.6
Burkholderiales,0.0442,0.0865,3.33,0.0885,0.994,0.788,1.15,0.665,0.0827,0.0808,0.0404,2.42,0.396,2.4,0.552,3.95,0.0712,4.36,3.95,2.04,2.2,0.119,3.4,1.9,2.15,0.469,1.85,1.7,0.885,1.89,0.319,0.513,0.698,1.14,0.473,0.0904,3.38,0.358,2.47,2.05,0.469,1.59,2.93,1.37,3.21,1.5,0.0904,0.692,0.198,1.64,0.0692,0.0673,0.0712,0.448,1.31,1,0.635,1.12,0.388,0.108,1.89,6.38,5.66,1.49,6.18,0.0712,2.26,0.0365,0.0538,0.115,0.637,0.0192,5.08,0.704,0.0558,2.96,0.694,0.0538,0.0731,0.794,0.14,0.19,2.26,0.688,1.72,2.46,5.99,7.91,2.85,0.0558,1.19,0.823,0.558,0.133,0.281,0.306,0.748,1.36,1.32,0.0423,0.858,3.14,0.381,0.429,0.0404,0.05,0.0846,1.78,1.42,0.392,0.179,0.792,0.0808,0.144,0.108,1.15,2.26,0.0788,0.113,1.23,1.73,1.2,4.45,0.327,0.256,0.629,0.796,0.519,1.36,0.0827,1.49,3.59,0.958,1.99,0.273,10.2,0.675,2.13,0.388,5.63,1.43,2.3,0.962,1.01,2.1,1.22,0.0462,1.58,0.873,1.34,0.652,1.91,0.248,4.85,3.73,0.162,0.308,0.89,0.0538,0.769,0.708,0.075,0.467,0.944,1.11,0.252,3.15,5.24,1.33,1.92,0.187,2.65,2.06,1.04,2.51,0.0692,0.673,0.121,0.237,1.39,0.45,2.93,0.0712,1.5,1.25,2.48,2.42,4.12,1.42,1.73,0.956,3.99,0.1,0.806,0.927,4.59,0.444,2.07,5.82,3.13,0.66,6.31,3.72,0.473,2.13,2.1,1.3,2.46,1.7,10.7,0.413,1.45,0.808,2.39,2.44,1.48,0.835,1.78,2.01,0.656,0.298,5.24,2.02,0.633,0.923,0.737,0.192,2.45,0.865,1.14,0.396,0.754,3.56,0.763,0.162,0.146,2.51,0.0962,0.81,0.948,3.67,0.954,0.0635,0.0231,0.333,1.28,2.36,5,1.21,0.0481,1.38,2.91,6.38,2.14,0.1,0.865,2.02,2.99,1.11,0.233,2.93,2.25,1.38,1.07,1.11,2.62,2.14,7.52,3.45,0.204,2.99,0.102,6.95,7.17,4.65,0.55,2.06,3.2,0.64,0.681,1.81,2.67,2.03,3.19,1.13,2.34,6.05,0.313,3.39,0.0904,0.867,4.02,3.63,0.944,3.79,0.281,1.28,0.104,0.6,0.885,0.0846,3.49,3.26,0.583,4.4,4.85,2.03,0.733,2.27,0.971,0.0558,1.49,2.27,1.99,1.08,0.894,1.19,1.87,1.83,0.365,1.48,1.78,1.27,0.527,0.581,0.66,0.763,2.18,0.698,1.38,2.06,3.01,2.13,2.63,1.47,2.09,1.46,1.5,0.275,0.262,0.567,1.41,1.16,0.912,1.28,0.525,1.81,0.856,0.919,0.929,1.05,0.896,2.14,0.458,0.529,0.388,1.12,0.635,0.494,0.973,0.627,0.625,0.942,0.567,2.23,1.11,0.581,0.96,0.692,0.602,0.719,0.442,0.702,1.3,0.792,2.07,0.508,1.04,0.962,0.99,0.617,0.412,0.637,0.275,0.548,0.242,0.235,0.337,0.0827,0.256,0.0981,0.152,0.212,0.212,0.692,0.0712,1.73,0.594,0.625,1.33,0.108,2.82,0.154,2.39,0.971,0.775,0.148,0.198,1.17,0.279,0.0962,1.2,0.523,1.75,0.0885,1.53,1.04,0.681,0.596,0.129,1.95,0.419,1.68,1.13,0.717,1.15,0.19,1.5,3.13,0.417,0.173,1.73,1.06,2,2.1,0.804,0.952,1.9,1.54,4.16,1.45,0.521,3.26,0.788,0.342,0.456,0.877,0.813,0.31,3.47,2.22,0.256,9.55,0.383,0.0827,0.0577,0.102,3.97,3.3
Lactobacillales,0.61,0.294,0.419,13,0.238,0.15,1.81,0.279,2.07,5.88,0.3,0.112,0.244,0.488,0.2,0.179,4.91,3.11,0.177,0.262,0.154,0.471,0.121,0.142,0.213,2.27,0.165,0.371,0.131,0.0923,0.263,5.12,0.469,0.129,0.148,0.225,0.756,0.104,0.14,0.125,0.187,0.702,0.115,0.171,0.142,0.0885,0.0788,10.7,0.815,0.565,0.396,1.46,0.0846,0.24,0.55,1.03,0.175,0.221,0.125,1.23,0.11,0.125,0.0962,0.471,0.135,2.41,12.3,2.58,5.67,0.11,0.923,0.279,0.34,0.463,0.612,0.302,0.0808,2.6,0.185,0.348,0.0885,0.71,0.075,0.148,0.46,0.0692,0.267,0.0692,0.0885,0.154,0.206,0.0885,0.413,1.8,0.219,0.148,0.223,0.202,0.104,0.74,2.97,0.644,0.237,0.44,0.0981,0.381,0.2,1.36,0.131,0.34,0.34,0.146,0.854,2.18,0.733,0.156,0.704,0.244,0.535,0.265,0.848,0.712,0.121,0.767,0.327,0.121,0.513,0.738,1.39,0.0769,0.152,0.148,0.0962,0.0385,0.902,0.1,0.477,0.715,0.181,1.09,0.14,0.587,0.39,0.0673,0.783,0.0981,0.121,0.0904,0.681,0.263,0.477,0.152,0.163,0.185,1.11,8.3,0.138,0.0731,0.0981,0.121,0.0846,1.15,0.515,0.767,1.87,0.317,0.554,1.3,0.708,0.0923,1.06,0.135,1.76,0.198,0.225,0.221,0.715,0.248,0.202,0.0981,15.6,0.156,0.644,0.127,0.298,0.34,0.621,0.39,0.256,1.66,3.5,0.196,0.412,0.123,1.09,0.227,0.542,0.606,0.196,9.12,0.104,0.36,0.133,0.0846,0.144,0.102,0.202,0.0962,0.192,0.102,0.208,0.367,0.129,0.294,0.127,0.337,0.235,0.0885,0.385,0.113,1.38,0.0981,0.0538,2.28,0.0827,0.0788,0.275,0.165,0.158,0.0962,0.713,0.494,0.233,0.104,0.171,0.0769,0.412,0.125,0.194,0.102,1.27,0.165,0.15,0.375,0.235,0.373,0.0519,0.0365,2.34,0.0423,7.03,0.102,1.85,0.167,0.0827,0.129,0.356,0.108,0.154,0.127,0.533,0.219,0.16,0.0519,0.369,0.0808,0.21,0.921,1.73,0.112,0.0827,0.117,0.221,0.281,0.167,0.0865,0.612,0.163,0.154,0.0558,0.669,0.798,0.0596,0.0462,0.133,0.15,0.156,0.117,0.148,1.76,0.0692,0.0654,1.59,0.05,0.315,0.702,0.0712,0.14,0.11,0.119,4.29,0.0962,0.365,0.0962,1.85,0.254,0.115,0.0615,0.112,0.206,0.221,0.167,0.0846,0.0846,0.112,0.0404,0.0885,0.277,0.129,0.025,0.0788,0.146,0.0308,0.0115,0.0115,0.0423,0.025,0.0942,0.0212,1.3,0.0846,0.158,0.137,0.0654,0.173,0.0654,0.0962,0.0923,0.0327,0.0346,0.0231,0.025,0.0346,0.125,0.115,0.0346,0.144,0.304,0.163,0.129,0.162,0.0385,0.0365,0.392,0.112,0.492,0.815,0.0212,0.0558,0.0346,0.946,0.163,0.0442,0.41,0.0981,0.0558,0.0423,0.0519,0.0635,0.0308,0.0365,0.0365,0.0231,0.365,0.0231,0.108,0.0481,0.171,0.419,0.0231,0.0538,0.0904,0.0731,0.115,0.0692,0.137,0.112,0.229,0.277,0.131,0.642,0.413,0.469,0.215,0.183,23.9,0.313,0.19,0.219,0.137,28.3,0.206,28.6,0.235,0.167,0.154,0.344,0.237,0.298,0.292,41.2,0.179,0.263,0.196,30,0.213,0.227,0.769,0.213,0.379,0.192,0.308,0.171,0.225,0.669,0.183,0.358,0.202,0.31,0.162,0.231,0.102,0.0462,0.0885,0.0981,0.219,0.16,0.0904,0.415,0.563,0.204,0.34,0.617,0.354,0.225,0.225,0.0615,1.57,0.102,0.106,0.379,0.113,0.0885,0.821,0.129,0.2,0.617,0.798,3.3
Pseudomonadales,0.0481,0.0346,0.00769,0.025,0.0308,0.0442,0.0327,0.0712,0.102,0.0115,0.0173,0.0135,0.00577,0.0115,0.0231,0.00192,0.00962,0.0192,0.0173,0.0135,0.00385,0.00962,0.00962,0.00577,0.025,0.00962,0.0308,0.0346,0.0538,0.0269,0.0481,0.0365,0.0231,0.0308,0.0365,0.0327,0.0269,10.2,0.0269,0.0173,0.0192,0.0173,0.0154,0.0462,0.0192,0.0288,0.025,0.0288,0.0231,0.0173,0.00769,0.0212,0.0115,0.0173,0.0231,0.0192,0.00769,0.0192,0.00192,0.00577,0.00192,0.0115,0.0212,0.00577,0.00962,0.00577,5.83,0.0154,0.0212,0.00385,0.0154,0.00769,0.488,0.0288,0.0173,0.0115,0.0154,0.0154,0.0115,0.00769,0.00192,0.00769,0.00385,0.00962,0.0173,0.0212,0.0231,0.0115,0.0154,0.0173,0.0135,0.0212,0.169,0.0365,0.0115,0.00385,0.00577,0.0154,0.0192,0.0173,0.0558,0.0519,0.0154,0.00385,0.0173,0.0115,0.00769,0.0115,0.0115,0.00577,0.00577,0.00577,0.0269,0.00769,0.00577,0.0154,0.00385,0.025,0,0.00769,0.0192,0.00769,0.00769,0.00962,0.00769,0.0135,0.0231,0.0885,0.0596,0.0288,0.0231,0.0481,0.0596,0.0538,0.0462,0.0923,0.175,0.0827,0.0192,0.373,0.0212,0.0327,0.0385,0.0231,0.0615,18.8,0.0154,0.0173,0.0231,0.025,0.0327,0.0462,0.0154,0.025,0.0365,0.0481,0.0288,0.112,0.025,0.0327,0.00192,0.0288,0.0154,0.0365,0.00962,0.0115,0.0423,0.0173,0.0788,0.0173,1.68,0.148,0.0269,0.00769,0.0192,0.025,0.0173,0.0115,0.0115,0.0212,0.0462,0.00769,0.00385,0.0135,0.0288,0.0192,0.0115,0.221,0.0115,0.0212,0.0154,0.00769,0.0115,0.00769,0.00577,0.025,0.0673,0.00192,0.0288,0.0212,0.0269,0.0135,0.0346,0.0173,0.0154,0.0269,0.0519,0.0423,0.0365,0.11,0.177,0.0885,0.00385,0.0712,0.00962,0.0308,0.00769,0.025,0.0154,2.77,0.0308,0.0288,0.00577,0.0173,0.00962,0.0462,0.0288,0.00962,0.0231,0.0212,0.0731,0.0173,0.0115,0.0308,0.0269,0.0154,0.0231,0.0135,0.0212,0.0212,0.0308,0.00577,0.0173,0.0135,0.0346,0.0365,0.0192,0.05,0.138,0.0538,0.025,0.0231,0.148,0.0192,0.0192,0.00769,0.0154,0.0154,0,0.00962,0.0192,0.0212,0.00769,0.00192,0.00577,0.00577,0.0173,0.00769,0.00962,0.0115,0.0212,0.0231,0.0212,0.00385,0.0365,0.025,0.0173,0.0231,0.0115,0.0173,0.0173,0.0212,0.0173,0.0212,0.00769,0.00962,5.71,0.0327,0.0115,0.00962,0.0154,0.0308,0.0135,0.075,5.89,0.0673,0.0404,0.0212,0.183,0.0154,0.0115,0.00192,0.00962,0.0212,0.0231,0.0308,0.0519,0.00962,0.00385,0.00577,0.00769,0.0212,0.00769,0.0173,0.0192,0.0288,0.00769,0.0135,0.00385,0.0462,0.00769,0.00962,0.0173,0.0135,0.0154,0.0173,0.0327,0.075,0.0769,0.0481,0.0173,0.0115,0.0135,0.0115,0.00577,0.0115,0.00192,0.00577,0.00385,0.00769,0.025,0.00577,0.0115,0.00385,0.00192,0.00192,0.00769,0.00385,0.00192,0.0115,0.0115,0.0135,0.0365,0.0115,0.00385,0.0135,0.0192,0.0135,0.00962,0.0577,0.0808,0.0673,0.00577,0.0173,0.00385,0.0154,0.00962,0.0115,0.00962,0.0115,0.00577,0.00769,0.00385,0,0.00577,0.00962,0.00577,0.0115,0.0173,0.00577,0.00192,0.00192,0.0135,0.00769,0.00385,0.00962,0.00962,0.0115,0.00192,0.00962,0.00769,0.0231,0.00577,0.0154,0.0135,0.0654,0.0577,0.104,0.0519,0.0135,0.0308,0.00577,0.0346,0.0154,0.00385,0.0231,0.0135,0.00962,0.00577,0.00385,0.0154,0.0173,0.00385,0.00962,0.0115,0.00192,0.00577,0.00192,0.00577,0.0135,0.00192,0.00769,0.0135,0.00385,0.00577,0.00769,0.0173,0.00385,0.00577,0.0269,0.00962,0.00769,0.00769,0.0115,0.0404,0.0712,0.0154,0.0327,0.00577,0.0192,0.0154,0.0192,0.00385,0.0212,0.00577,0.0115,0.00577,0.00962,0.00385,0.0135,0.0154,0.0269,0.725,0.0135,0.00577,0.0135,0.0596,0.0135,2
Unassigned,0.00192,0.00577,0,0.00577,0.00192,0.908,0.00192,0.00577,0.00192,0.00769,0.00385,0.162,0.00192,0.00962,0.00385,0.00385,0.00385,0.00192,0.0462,0.00577,0.00192,0.00385,0.0308,0.0635,0.0404,0.00577,0.0173,0.00962,0.025,0,0.00192,0.00962,0.00192,0,0.0269,0.00192,0.621,0.00192,0.0115,0.00385,0.00192,0.0115,0.00962,0.0154,0.913,0.00192,0.00385,0.00192,0.0269,0.0731,0.00962,0.0115,0.0154,0.0135,0.0212,0.0173,0.0365,0.00962,0.025,0.0212,0.0365,0.0885,0.0135,0.00962,0.00192,0.00385,0.00769,0.00385,0.00577,0,0.00192,0,0.00385,1.21,0.00192,0.00577,0.00577,0.00192,0.00385,0,0.00385,0.00192,0.00769,0.00192,0.00385,0.00192,0.0173,0.00385,0.00769,0.00769,0.00385,0.167,0.413,0.00385,0.0154,0.00577,0.323,0,0.267,0.00385,0.0212,0.00577,0.56,0.00577,0.00577,0.0154,0.00192,0.00769,0.0327,0.00192,0.00577,0.0115,0.11,0.00192,0.00962,0.00577,0.00192,0.00962,0.00385,0.00769,0.00769,0.00769,0.00385,0.0308,0.00769,0.0423,0.0173,0.00385,0.00769,0.0154,0.0212,0.0308,0.00192,0,0,0.00577,0.0115,0.0538,0.00192,0.0519,0.0231,0.00769,0.00192,0.00385,0.00769,0.00192,0.00385,0.00192,0.223,0.0404,0,0.202,0.00769,0.00192,0.00769,0.00385,0.00385,0.0769,0.00192,0,0,0.00192,0.00385,0.0231,0.00192,0.3,0.00192,0.15,0.0135,0.00385,0.0115,0.00962,0.00962,0.00577,0.00962,0.00962,0.00962,0.0192,0.00577,0.00577,0.0135,0.00962,0.00577,0.0577,0.0115,0.0288,0.00769,0,2.69,0.00769,0.0404,0.00962,0.0231,0.0135,0.00385,0,0.0404,0.00962,0.0115,0.00769,0.0212,0.00962,0.0154,0.0192,0.0115,0.485,0.0538,0.0135,0.0269,0.0192,0.0288,0.0115,0.00962,0.0288,0.00769,0.0115,0.0231,0.0481,0.0115,0.00962,0.075,0.0288,0.00962,0.0538,0.0135,0.0192,0.00962,0.0423,0.0212,0.0269,0.05,2.24,0.6,0.0346,1.56,0.0135,0.025,0.00385,0.0192,0.00577,0.00769,0.00577,0.00577,0.00962,0.00577,0.0154,0.0212,0.0115,0.0115,0.00385,0.00385,0.05,0.738,0.00385,0.00385,0.00577,2.21,0.00577,0.0538,0.0385,0.00385,0.0404,0.00577,0.00192,0.00962,0.0154,0.00769,0.0135,0.00577,0.00577,0.0346,0.00577,0.0135,0.0327,0.0115,0.0173,0.0462,0.05,0.483,0.0308,0.712,3.8,0.0788,0.0173,0.0596,0.0173,0.1,0.0173,0.00962,0.0231,1.88,0.0173,0.0115,0.00962,0.0154,0.162,0.00769,0.00577,0.275,0.221,0.0173,0.446,0.0135,0.0115,0.142,0.0231,0.0173,0.00769,0.00962,0.0173,0.0154,0.0115,0.0173,0.0154,0.025,0.00385,0.183,0.115,0.0846,0.00385,0.00577,0.0231,0.00192,0.00385,0.00192,0.00962,0.00769,0.0192,0.00192,0.0154,0.00962,0.0269,0.0154,0.0115,0.0365,0.00577,0.00192,0.025,0.00577,0.00385,0,0.0231,0.00385,0.0231,0.0173,0,0.0308,0.00769,0.0365,0.025,0.00577,2.14,0.146,0.165,1.4,0.533,0.504,4.22,1.24,6.54,0.537,0.213,4.87,0.483,0.2,7.37,6.64,6.98,12.3,5.44,3.79,1.87,2.32,0.0865,3.29,0.156,7.61,0.863,0.0731,4.36,4.07,0.206,0.154,0.354,0.21,0.252,0.0923,0.0827,0.381,0.181,0.35,0.229,0.258,0.525,0.538,0.00192,0.0115,1.37,0.465,0.0173,0.025,0.0192,0.0212,0.0135,1.22,0.694,0.588,0.194,0.0404,0.0192,0.0154,0.0442,0.0596,0.0269,0.0173,0.00769,0.025,0.0115,0.871,0.165,0.0154,0.0192,0.0135,0.0135,0.00769,0.0481,0.11,0.0173,0.0212,0,0.00962,0,0.00192,0.00192,0.00385,0.00192,0,0.0288,0.0115,0.00577,0.00192,0.00385,0.00385,0.00192,0.0173,0.00192,0,0.00577,0.00192,0.00385,0.00192,0,0.00769,0.00385,0.00192,0.0154,0.0365,0.00769,1.5
Acidaminococcales,0.0404,0.0731,0.49,0.0231,2.46,0.637,1.49,0.365,0.00577,0.025,0.479,0.738,0.606,0.129,0.413,0.2,0.19,0.19,1.02,0.0173,0.0115,0.00577,0.933,0.479,0.263,0.0923,0.229,0.00962,0.183,0.127,0.112,0.00962,0.302,0.156,0.56,0.0346,0.692,0.412,7.98,0.633,0.35,0.565,2.55,1.21,0.0269,0.767,0.0442,0.5,1.46,0.392,1.12,0.0115,0.00962,0.0673,0.325,0.608,0.527,0.362,0.61,0.173,1.35,0.138,1.2,0.0712,0.00577,0.0154,0.0654,0.00962,0.181,0.00385,0.0923,0.00192,0.888,0.156,0.0135,0.752,1.83,0.0885,0.0154,0.00385,0.00385,0.00577,0.156,0.615,0.362,0.00769,0.00769,0.827,1.4,0.05,0.025,0.454,0.183,0.217,0.35,0.00192,0.256,0.00962,0.446,0.0423,0.646,1.3,0.173,0.00577,0.0154,0.0212,0.523,0.221,0.0154,1.19,0.108,0.902,0.00769,0.0385,0.181,0.269,1.01,0.0192,0.248,0.65,0.0462,0.177,0.458,0.475,0.198,0.427,0.317,0.113,0.267,0.352,0.212,0.662,0.3,0.612,0.144,0.712,0.387,0.158,0.512,0.763,0.14,0.498,0.254,0.229,0.294,1.17,0.00192,1.27,0.117,0.392,0.396,0.448,0.0115,0.0788,0.0154,0.00577,0.963,0.0269,1.63,0.921,0.119,0.0231,0.187,2.29,0.112,0.0115,0.206,0.575,0.515,0.708,0.169,0.394,0.156,1.18,0.0212,0.119,0.781,0.212,0.64,1.43,0.0269,0.908,0.0346,0.583,0.479,0.00769,0.425,0.0135,0.848,0.16,0.125,0.71,0.0385,0.35,0.194,1.25,0.113,0.721,3.48,0.9,0.0135,0.285,0.0942,0.206,0.463,0.41,0.0212,0.294,0.0635,0.498,0.0788,0.104,0.338,0.237,0.0808,0.758,0.21,0.948,0.483,0.558,0.0346,0.0173,0.573,0.0788,0.269,0.585,0.0769,0.579,0.221,0.402,0.462,0.729,0.235,1.12,1.42,3.78,0.0212,0.263,0.162,1.25,0.0558,0.00962,0.635,0.0308,1.23,0.662,1.06,0.05,0.152,0.00192,13.9,1.28,1.51,0.312,0.76,0.567,2.82,0.223,1.03,0.0327,0.654,1.18,1.11,1.99,0.504,1.78,0.435,0.767,2.13,1.08,0.392,0.323,0.583,1.2,0.927,0.00962,0.642,0.0212,0.383,0.00769,0.262,0.513,0.196,1.1,0.0327,0.0173,0.202,0.262,0,0.0423,0.627,0.00769,0.0269,0.369,0.00769,0.0135,0.625,0.00577,0.0135,0.0327,0.00577,0.0288,0.00385,0.00962,0.0327,1.99,0.348,0.573,1.58,0.00385,0.00577,1.26,2.17,1.2,2.7,0.219,2.82,0.975,0.775,0.123,1.57,0.748,1.14,0.202,0.113,0.0885,0.108,0.729,0.0769,1.92,0.912,2.8,1.11,2.81,3.11,1.92,1.41,0.598,0.154,0.148,0.15,1.32,0.0788,2.53,1.2,0.306,1.22,0.0596,0.252,0.171,0.0577,0.748,0.56,0.119,0.346,0.171,0.181,0.46,0.817,0.335,0.0885,0.146,0.252,0.0769,0.0654,0.315,0.71,0.6,0.315,0.608,0.783,0.321,0.906,0.0173,0.533,0.135,0.435,0.254,0.144,0.229,0.448,0.287,0.962,0.281,0.375,0.137,0.806,1.69,0.883,3.11,0.758,0.573,1.14,1.07,0.64,0.075,1.36,0.279,0.938,1.86,0.1,4.05,0.0808,4.26,0.535,0.769,0.494,0.802,0.138,2.52,0.05,0.213,0.39,2.29,0.0615,4.09,2.19,0.169,0.569,0.619,1.43,0.075,1.55,3.06,0.0885,0.148,0.596,2.78,1.64,3.17,0.462,2.27,2.05,2.47,1.34,2.41,1.66,0.927,0.962,0.0115,1.25,0.0942,0.585,0.867,0.0365,0.437,0.00577,2.41,0.0923,1.24,0.263,0.992,0.758,0.00769,0.0308,0.783,0.15,0.0404,1.5
Desulfovibrionales,0.00769,0.0269,0.492,0.0115,0.104,0.244,0.0327,0.0135,0.0192,0.0231,0.215,0.315,0.233,0.025,0.0115,0.312,0.0615,0.0308,0.398,0.275,0.287,0.0288,1.02,0.542,0.483,0.0519,0.0731,0.0673,0.288,0.267,0.238,0.16,0.179,0.223,2,0.025,0.223,0.746,0.287,0.181,1.29,0.133,0.212,0.617,0.131,0.329,0.431,0.223,0.1,0.213,0.0288,0.025,0.05,0.262,0.175,0.102,0.765,0.171,0.263,0.0231,0.817,0.294,0.325,0.0423,0.212,0.0212,0.0346,0.0288,0.0154,0.292,0.0173,0.00962,0.981,4.52,0.508,1.38,0.35,3.26,0.931,0.05,0.0769,0.0135,0.421,0.00962,0.479,0.213,0.00962,0.483,1.17,0.025,0.196,0.327,0.0404,0.281,0.163,0.0365,0.233,0.0154,0.0385,0.0462,0.102,0.396,0.163,0.0154,0.0135,0.0269,0.304,0.162,0.0212,0.0827,0.0385,1.53,0.208,0.11,0.0308,0.05,0.344,0.0462,1.51,1.53,0.0154,0.0981,0.304,0.0942,0.0538,0.0712,0.0442,0.0154,0.354,0.435,1.01,0.498,0.4,0.787,0.0442,0.537,0.444,0.0904,0.537,0.687,0.0385,0.294,0.212,0.331,0.227,0.0538,0.0192,0.263,0.658,0.192,0.646,0.21,1.68,0.108,0.0538,0.0558,0.146,0.0538,0.312,0.342,0.0404,0.0173,0.296,0.24,0.0423,0.0596,0.0981,0.837,0.0577,0.433,0.0558,0.104,0.0981,0.908,0.754,1.05,0.0596,0.1,0.0212,2.14,0.0365,0.792,1.09,0.388,0.213,0.25,0.163,0.915,1.63,0.0692,0.121,0.483,0.0288,0.415,0.227,2.17,0.0577,1.17,0.304,0.346,0.256,0.623,0.594,0.423,0.925,0.535,0.804,0.579,0.594,0.762,0.271,0.269,0.602,0.281,0.202,0.231,0.463,0.0385,0.208,0.0404,0.0827,0.129,0.323,0.521,0.315,0.494,0.862,1.07,0.148,0.29,0.783,0.631,0.262,0.344,0.0404,0.0365,0.0365,0.0442,0.881,0.275,0.262,0.0212,0.00577,0.0788,0.769,0.0981,0.708,0.00192,0.0231,0.00962,0.0192,0.612,0.544,0.0885,0.0173,0.25,0.167,0.331,0.0788,0.0712,0.158,0.652,0.0654,0.769,0.587,0.544,0.302,0.198,0.429,0.475,0.0115,0.0135,0.14,0.16,0.16,0.00577,0.0635,0.41,1.33,0.0212,0.34,0.183,0.0981,0.0404,0.0115,0.00962,0.225,0.138,0.00769,1.06,0.825,0.075,0.465,0.171,0.475,0.108,0.971,0.148,0.21,0.952,0.56,0.0135,0.0154,0.0231,0.0212,3.58,0.175,0.75,0.0308,0.0269,0.0231,0.288,0.31,0.281,0.629,0.025,0.312,0.221,0.21,0.0115,0.171,0.308,0.21,0.123,0.0154,0.00577,0.0135,0.252,0.0135,0.412,0.19,0.208,0.521,0.346,0.571,0.277,0.317,0.31,0.0173,0.0115,0.0827,0.192,0.00385,0.427,0.202,0.00769,0.454,0.152,0.558,0.396,0.0519,0.244,0.352,0.3,0.194,0.0942,0.125,0.123,0.16,0.258,0.137,0.494,0.327,0.108,1.11,0.598,0.3,0.508,0.465,0.223,0.473,0.1,0.117,0.0865,0.192,0.29,0.331,0.571,0.633,0.394,0.538,0.219,0.227,0.137,0.179,0.0538,0.177,0.369,0.1,0.383,0.0115,0.0577,0.25,0.0808,0.258,0.0154,0.00769,0.473,0.167,0.00192,0.0135,0.0115,0.0269,0.0154,0.362,0.21,0.0192,0.0904,1.26,0.00962,0.00769,0.665,0.688,0.00192,0.0173,0.00385,0.0115,0.121,0.227,0.0788,0.00385,0.1,0.0115,0.00962,0.158,0.642,0.0558,0.00192,0.00577,0.00962,0.0442,0.00192,0.00577,0.00769,0.00962,0.0173,0.0135,0.573,1.95,0.342,0.665,0.0212,0.423,0.294,0.0423,0.138,0.0231,0.0115,0.0135,0.0885,0.0231,0.533,0.0288,0.00769,0.0212,0.348,0.0538,0.0115,1.5
Enterobacterales,3.39,4.87,1.2,1.6,2.08,1.38,2.43,1.85,34.6,34.1,0.344,0.652,12.5,0.7,0.258,1.55,0.467,6.7,26.6,0.75,0.398,42.6,2.68,9.58,7.21,0.323,0.631,1.23,0.25,0.473,0.258,2.52,1,1.29,2.97,0.94,0.748,6.12,0.65,0.421,0.183,0.456,5.11,25.7,5.74,10.9,1.19,0.602,1,9.23,1.54,30.9,3.04,2.86,0.323,2.06,2.17,0.867,0.44,2.25,4.74,3.68,0.413,16.5,0.952,0.121,35.6,0.137,0.169,1.19,8.58,0.104,1.15,10.7,5.27,0.223,0.258,1.91,21.8,3.8,52.5,0.185,4.62,2.12,6.66,1,0.25,6.9,1.49,0.152,0.965,8.46,0.992,16.4,11.9,6.54,2.84,0.673,1.68,14.5,0.363,3.86,0.921,9.1,10.5,0.223,20.2,1.5,0.394,1.79,3.56,7.82,1.19,48.6,0.629,2.58,2.37,18.1,2.91,1.88,32.1,25.3,0.756,1.21,0.525,0.848,2.96,1.6,5.04,7.34,8.26,4.07,17.4,0.304,3.51,0.913,0.402,0.448,9.85,3.25,0.183,1.72,0.49,0.513,3.49,8.39,0.767,0.267,0.869,1.06,4.61,0.86,0.267,0.279,0.292,77.3,6.24,10.4,0.331,9.43,1.44,2.51,6.04,5.13,0.554,0.631,12.8,4.65,7.7,0.219,27.9,5.49,4.85,0.656,5.61,6.08,1.31,1.5,12.8,2.55,0.402,0.919,0.56,0.488,3.12,11,2.99,14.6,2.44,40.8,1.82,3.17,15.4,5.35,4.29,1.54,0.354,1.27,3.83,1.96,14.2,3.73,4.63,6.37,1.24,2.51,0.517,0.294,2.35,0.471,0.375,0.473,8.54,1.63,0.202,2.66,0.531,0.275,1.03,10.4,5.51,0.929,0.798,7.26,3.18,0.804,4.74,6.17,0.881,0.904,5.88,1.98,0.765,0.588,0.438,1.83,6.43,2.69,2.93,0.0962,10.8,0.108,0.104,1.69,0.306,2.48,0.281,0.0846,3.94,2.51,2.18,0.354,0.533,0.233,2.82,1.53,0.229,2.52,2.28,0.121,0.712,0.767,0.619,0.265,0.519,1.5,0.36,0.312,3.93,4.39,0.187,0.602,2.59,0.569,0.494,0.156,1.97,1.35,0.283,28.5,0.396,1.11,0.187,3.41,0.462,1.58,12.2,62.5,7.43,2.28,0.204,4.93,0.165,3.43,22.8,6.36,15,9.55,12.4,0.419,1.83,0.862,1.95,1.18,4.73,0.296,7.47,0.683,2,13.1,3.68,0.242,0.208,0.16,0.258,0.102,0.156,0.138,0.14,0.0692,0.179,0.173,0.0788,0.0288,0.0346,0.0692,0.0346,0.14,0.0712,0.156,0.108,0.173,0.169,0.115,0.137,0.229,0.142,0.152,0.0385,0.0577,0.0423,0.106,0.0596,0.179,0.121,0.0269,0.162,2.27,0.154,0.106,3.18,1.9,2.91,3.06,2.97,0.692,1.73,0.8,2.72,1.29,2.3,0.173,0.725,0.74,0.412,0.548,1.23,1.96,1.29,0.802,1.9,1.84,0.706,2.75,0.662,0.227,1.85,0.396,0.529,1.22,1.52,7.14,3.08,3.9,2.04,4.1,5.25,5.05,7.61,3.07,10.2,5.54,8.85,6.84,3.34,34.1,0.219,3.45,3.05,0.26,36.6,0.233,54.6,0.344,1.6,6.19,12.4,7.09,0.677,0.39,38.8,0.648,0.446,0.283,47.9,0.265,0.377,1.6,7.07,20.5,0.342,1.52,0.337,0.252,1.05,0.415,11.2,0.437,0.242,0.181,17.1,0.121,0.315,0.215,0.165,0.19,0.181,0.46,0.625,18.6,0.502,0.475,4.29,1.52,38.6,0.725,0.662,0.154,3.07,0.458,1.11,1.55,0.727,1.63,3.02,0.408,19,4.34,1.3
Fusobacteriales,0.0212,0.0846,0.956,0,0.213,0.025,0.0846,0.115,0.0519,0.00385,0.00962,0.515,0.00577,0.00769,0.0192,7.12,1.94,0.0212,0.0115,0.531,1.14,0.127,0.00577,0.0212,0.0212,0.0173,0.00962,0.5,0.113,0.0423,0.15,0.0231,6.51,0.138,0.0346,0.00962,0.0885,1.42,1.58,0.0192,0.0288,3.08,0.0192,2.63,0.662,0.658,3.76,0.381,0.363,1.4,0.0173,0.0115,0.0327,32.8,0.638,0.0173,3.26,1.03,0.844,0.025,6.18,0.0115,0.108,0.0346,0.00385,0.00962,0.36,0.00192,0.163,0.00769,0.00192,0.00769,0.00577,0.188,0.00192,0.815,0.0154,0.127,0.00577,0.00769,0.00385,0.00769,0.00385,0.0173,0.00962,0.00769,0.0231,0.0212,0.0385,0.181,0.0423,0.773,0.0135,0.938,6.04,0.00577,0.0154,2.15,0.0519,0.0192,0.11,0.102,0.0288,0.0115,0.0154,0.00962,0.913,2.68,0.438,0.0269,0.0269,0.256,0.0231,0.0135,0.025,0.106,7.62,14.5,1.43,0.46,0.0558,0.0308,0.508,0.258,0.0519,0.71,0.0615,0.025,0.0308,0.00769,0.0558,0.0135,0.11,0.025,31.7,0.135,0.171,0.00385,5.67,0.108,0.0346,0.0135,0.373,0.544,0.212,1.05,0.0173,5.08,0.0654,0.158,0.075,0.0154,0.0904,0.0154,0.00962,0.0154,0.41,0.404,0.0173,0.581,0.5,0.179,0.29,4.98,1.23,0.0154,0.00577,0.0212,1.18,0.0269,0.0288,6.5,0.0212,0.11,8.09,0.165,0.0154,0.00385,0.0154,2.23,0.235,0.025,0.0173,0.0192,0.425,0.0115,0.025,0.00962,0.0423,0.0212,0.0154,1.03,0.0269,3.61,14.2,0.0788,0.0212,0.565,0.0327,0.173,0.0442,0.248,6.98,0.883,0.0365,0.0192,0.0673,0.05,9.35,0.0769,0.0673,0.0269,3.48,0.075,0.0981,1.8,0.256,0.135,0.273,0.465,0.212,0.0442,2.06,0.0865,4.57,6.52,0.112,0.0212,1.58,0.0404,1.54,0.0731,0.0442,0.885,0.0596,0.0404,0.0885,0.025,0.288,0.0577,0.0788,0.0135,0.0308,0.0288,1.2,0.383,0.104,0.0115,8.36,0.0212,0.0808,0.0385,0.863,0.0212,7.68,22.6,0.0327,1.76,0.0135,0.144,7.17,5.01,0.265,0.0269,0.00962,4.23,0.025,2.23,0.19,2.34,0.0115,0.731,1.61,0.0192,1.17,0.0577,0.0346,0.0788,0,0.0115,0.00577,0.00385,0.025,0.00962,0.00962,0,0.0327,0.00962,0.0135,0.498,0.0673,0.0135,0.0365,0,0.204,0.00192,0.0135,0.0538,0.00962,0.0135,10.6,0.0192,0.0942,0.0135,0.00769,0.363,0.00577,0.0423,0.00192,0.00385,0.0135,0.658,0.0846,0.375,0.29,0.0288,0.671,4.81,0.863,0.0385,3.25,2.53,0.856,0.0981,0.0404,0.0346,0.0365,1.64,0.0404,0.24,2.12,0.271,0.0808,0.179,0.173,1.31,0.962,2.76,0.0442,0.0365,0.11,0.288,0.0423,0.481,0.471,0.0308,0.217,0.108,0.0596,0.0673,0.587,1.08,0.0808,0.123,3.61,0.0538,0.0558,0.973,9.66,0.673,0.0423,0.0538,0.385,0.0404,0.0519,0.567,0.669,0.517,0.615,1.15,0.417,3.91,2.08,0.19,0.448,0.05,1.3,0.112,0.0731,0.175,0.837,26.1,6.04,21,9.53,26.2,37.5,13.6,55.2,16.6,53.1,26.5,41.3,12,3.86,0.119,0.0808,3.71,4.41,0.0788,0.146,0.075,0.202,0.0981,0.694,3.57,19.7,12.5,0.14,0.0923,0.137,0.0942,0.0942,0.0981,0.183,0.0635,0.0577,0.235,1.9,31,0.11,0.24,0.0904,0.0673,0.175,0.0885,24.5,0.0712,0.0981,0.0558,32.2,0.0346,0.0288,0.0308,0.0173,0.0212,0.0404,0.563,0.558,0.337,0.0269,0.0615,0.0442,0.162,22.2,0.0423,0.0577,0.0404,0.0519,0.0654,0.0462,0.163,0.0154,0.0192,0.0365,0.471,0.0154,0.00192,1.3
Bifidobacteriales,4.55,7.89,1.18,14.3,1.58,1.38,1.34,0.973,29,27.3,1.94,0.471,0.235,2,2.31,1.01,0.442,3.72,2.81,1.65,4.73,2.17,0.1,0.119,0.142,10,4.74,1.88,3.67,0.456,2.47,18.5,1.21,0.333,0.348,0.935,0.344,1.4,1.83,4.86,4.54,30.8,1.43,1.08,1.21,0.335,0.192,10.6,3.1,0.342,1.44,4.35,0.167,0.829,0.333,2.21,5.66,0.452,4.01,5.38,0.49,0.612,0.0596,0.479,12.8,5.51,1.92,3.05,0.135,2.49,5.38,0.383,11.1,2.85,10.4,0.69,2.86,18.7,6.88,16,0.113,4.42,0.54,0.777,6.22,0.319,0.108,0.135,0.34,11.5,5.24,0.221,3.1,11,0.312,0.0615,4.69,2.02,0.492,0.0635,0.473,16.9,31.1,2.65,0.185,0.508,1.29,0.46,0.127,12.3,0.754,0.756,1.09,0.767,7.07,0.108,0.498,7.24,7.07,1.91,2.65,4.05,0.71,1.93,13.8,0.5,5.37,1.88,12.3,1.13,0.694,2.22,0.187,1.02,0.235,2.73,1.75,8.22,0.838,4.02,0.388,1.58,1.35,8.52,14.4,0.217,2.41,1.04,1.33,0.967,4.63,0.863,0.733,0.348,6.38,11.1,0.292,0.181,3.6,0.338,0.931,4.23,16.7,1.5,0.54,6.05,14.9,4.32,0.704,0.458,14.7,0.546,8.07,0.456,2.11,0.871,0.54,0.727,4.24,0.54,66.2,6.46,7.09,1.35,0.279,2.42,9.33,0.525,0.631,0.481,0.752,0.654,3.59,1.2,0.527,6.14,1.19,0.237,18.6,1.02,1.13,1.08,4.01,2,12,2.64,9.51,2.6,2.62,8.89,14,9.78,2.3,8.25,2.3,1.89,1.61,0.485,21.3,1,9.62,2.46,1.07,13.1,0.898,2.78,8.02,1.14,9.26,0.963,4.39,4.39,1.27,1.94,0.588,1.9,2.66,24.4,2.94,1.15,3.45,0.167,0.892,8.66,4.32,0.381,1.77,0.581,1.07,0.798,43.4,1.21,4.67,1.73,0.883,0.569,8.44,0.0673,0.365,1.89,0.998,2.03,0.746,2,0.565,0.398,3.71,0.383,2.05,0.904,0.156,1.5,2.6,11.7,1.04,0.177,0.183,0.423,0.0519,0.0481,0.498,17.3,0.0577,0.29,0.0865,0.0538,17.2,0.2,1.25,1.44,0.15,3.5,1.95,0.321,3.45,0.771,1.03,0.0942,0.0673,1.36,4.49,0.756,4.04,2.95,1.25,0.167,2.2,1.54,2.2,0.302,0.0462,0.0346,0.0327,0.0327,0.0462,0.0346,0.0231,0.0135,0.0231,0.025,0.00192,0.0192,0.00577,0.00385,0.0115,0.0135,0.00769,0.0173,0.00962,0.00962,0.00577,0.0269,0.0269,0.0269,0.0192,0.0173,0.0308,0.00192,0.00385,0.00769,0.00962,0.0115,0.00962,0.00962,0.0115,0.00192,0.0154,0.202,0.0904,0.0654,0.0808,0.0519,0.223,0.271,0.0385,4.54,7.46,0.025,0.0269,0.0365,10.2,0.148,0.0423,3.98,0.142,0.0538,0.0442,0.0481,0.0481,0.0404,0.0577,0.025,0.0192,0.262,0.0308,0.0692,0.0481,0.0731,0.131,0.0462,0.0385,0.0423,0.0327,0.0481,0.0192,0.05,0.00769,0.0269,0.00769,0.0115,0.0173,0.127,0.0154,0.0173,0.0173,0.156,0.0558,0.0231,0.0173,0.0404,0.0154,0.0808,0.0115,0.0808,0.00385,0.0231,0.0269,0.0231,0.0404,0.0712,0.0115,0.0558,0.0692,0.0673,0.0135,0.0923,0.0558,0.115,0.0212,0.0173,0.0885,0.0865,0.0442,0.0423,0.0904,0.0385,0.0115,0.0538,0.129,0.167,0.0538,0.0923,0.0808,0.113,0.0923,0.169,0.075,0.0538,0.121,2.4,1.23,0.731,0.169,2.35,0.0654,0.221,0.0442,4.67,0.273,0.342,0.848,0.783,1.01,2.45,0.075,1.33,2.18,3.33,0.7
Pasteurellales,0.0731,0.0327,0.446,0.0231,0.0538,0.0923,0.835,0.0712,0.0288,0.0385,0.0115,0.0846,0.0462,2.58,0.138,0.0538,0.0115,0.427,0.0596,0.66,1.21,0.198,0.175,0.167,0.348,0.0308,0.0423,4.44,0.0288,0.477,0.106,0.0308,3.53,0.377,0.3,0.656,0.075,0.0788,0.31,0.308,0.00769,0.0365,0.0288,0.354,0.0404,0.185,0.0481,0.269,0.075,0.254,0.0827,0.0231,0.0192,1.38,0.173,0.0308,0.0519,0.813,0.129,1.16,0.765,0.0981,0.0519,0.0577,0.00577,0.0481,4.53,0.0115,0.0481,0.00385,0.00962,0,0.0115,0.0442,0.0115,0.00962,0.00577,0.00577,0.663,0.0212,0.05,0.00192,0.267,0.00962,2.48,0.36,0.025,0.181,0.0192,0.206,0.529,0.202,0.025,0.0558,0.0808,0.0404,0.0269,0.0135,0.0269,0.0212,0.565,0.0346,0.0288,0.0308,0.0173,0.0135,0.0346,2.52,0.0596,0.0385,0.0365,0.135,1.77,0.0865,5.65,0.888,0.873,0.254,0.129,0.0481,0.25,0.265,0.0423,0.165,0.0269,0.306,1.2,1.04,0.3,0.715,0.0577,0.0769,0.65,0.0269,0.638,0.15,0.171,0.0365,0.252,0.279,0.0308,1.16,0.552,0.36,1.89,0.0865,0.0962,0.121,0.137,0.888,0.0962,0.0731,0.0519,0.633,0.075,0.192,0.0962,0.0731,0.629,0.0481,0.05,0.517,0.0442,0.437,1.78,0.108,0.106,0.0577,2.05,0.0519,0.0538,0.435,4.46,0.323,0.0308,0.05,1.48,1.23,0.0308,0.19,0.0462,0.0558,0.0673,0.0308,0.163,1.13,0.112,0.198,0.0673,1.1,8.66,0.26,0.658,0.354,0.0538,0.0654,0.121,0.238,0.0654,0.869,0.0846,2.7,0.173,0.319,0.0558,0.14,0.0442,0.0365,0.35,0.0423,0.0788,0.0308,0.167,0.0769,0.0404,0.613,0.263,0.165,1.54,0.0673,0.188,0.0577,0.127,1.61,0.427,0.0288,0.0558,0.0462,0.358,0.025,0.133,0.0442,0.0731,0.471,0.0808,0.0288,0.0654,0.0365,1.92,0.194,0.254,0.556,0.0327,0.0173,0.223,0.808,0.223,0.0288,12.6,0.0192,1.93,0.0635,1.85,1.25,0.896,1.23,0.0692,0.285,0.633,0.0904,1.78,0.0827,1.23,0.163,0.0577,0.348,0.0596,1.56,0.477,0.146,0.171,0.348,1.58,0.544,0.85,0.0212,1.32,0.196,0.0615,0.127,0.108,0.0846,0.0288,0.535,0.0346,10.1,0.179,6.87,0.0962,0.00769,0.0212,0.673,0.0135,0.583,0.0269,0.0154,0.117,0.538,0.0731,0.198,0.0192,0.0615,0.0346,0.0769,0.0846,0.0385,0.0308,0.00769,0.638,0.517,0.00962,0.0327,0.0115,0.05,0.0135,0.0135,0.0308,0.113,0.05,0.00385,0.0192,0.0615,0.0135,0,0,0.00385,0.00577,0.0346,0.00962,0.0481,0.0577,0.0308,0.0154,0.0154,0.0423,0.0596,0.0269,0.0288,0,0.00385,0.00385,0.0192,0.00962,0.0212,0.0212,0.0135,0.0308,2.02,0.754,1.74,2.28,0.00962,0.0231,0.392,0.0442,0.0885,0.246,0.0173,0.0135,0.0288,0.492,0.688,0.0269,0.0923,0.183,0.0269,0.0288,0.0192,0.00962,0.0212,0.025,0.0327,0.0135,1.44,0.0212,1.49,0.00962,0.86,0.865,0.0423,0.0173,0.0942,0.0519,0.0885,0.0577,0.0654,0.0923,0.0654,0.115,0.0327,0.146,0.0865,0.165,0.194,0.0442,3.89,0.198,0.0615,0.0712,0.752,4.21,0.287,2.77,0.612,0.0269,0.0942,0.129,0.148,0.635,0.79,5.31,0.275,0.375,0.412,2.49,0.606,1.46,1.37,0.0442,0.0885,0.571,0.59,1.35,0.14,1.23,0.331,0.0846,1.27,0.165,0.208,0.0635,0.235,1.63,0.333,0.198,0.335,0.579,0.825,0.24,0.0538,0.0808,3.85,0.252,0.231,0.652,0.325,1.33,0.0731,0.84,0.721,2.08,0.0712,0.0808,0.05,0.687,0.16,0.185,0.16,0.5
Verrucomicrobiales,0.00577,35,0.00577,0.00385,0.0135,0.00769,0.025,0.00385,0.00769,0.00385,1.28,0.00962,0.0231,0.0192,0.0154,0.2,0.327,0,0.433,0.00769,0.00385,0.00192,0,0.00962,0.0115,0.169,0,0.00385,4.92,0.163,0.856,0.0192,2.91,0.00385,1.22,0.0135,1.11,0.0173,0.206,2.49,0.0192,0.0154,0.075,0.131,2.47,0.00385,0.00769,0.0173,1.52,0.0385,0.0519,0.00577,0,0.0538,0.108,0.00962,0.00962,0.00577,2.83,0.00577,2.65,0.00192,0.0154,0,0.0481,0.00577,0.544,0.00769,0.00385,0.585,0,0.0115,0.329,9.03,0.00962,0.00769,0.11,7.58,0.00577,0.00577,0.00192,0.00577,0.0135,7.93,0.0327,0.00385,0.00192,0.00962,6.78,0.0981,0.0135,0.00385,0.138,2.03,8.34,0.00192,0.0558,0.00769,6.84,0.00769,0.00577,1.02,9.59,0.00962,0.242,0.025,1.97,0.0115,0.775,1.19,0.00192,1.98,0.79,0.00769,2.87,0.00769,0.0115,0.0904,0.00192,0.0115,0.0115,0.00577,0.0154,0.25,0.867,0.0212,0.0212,0.0173,1.18,0.00385,0.00962,0.0865,0.00577,0.00962,0.00385,0.0173,0.0404,1.32,0.123,0.00192,0.0115,0.452,0.0462,0.0423,0.0558,0.0115,0,4.23,0.00577,0.00577,0.0385,1.02,0.00962,0.00577,0.0154,0.00962,2.93,0.11,0.00962,0.00385,0.00962,1.59,0.00577,0.0135,0.00769,0.269,0.00385,1.07,0.123,0.308,0.188,0.00769,0.0288,0.204,0.00577,0.00385,0.735,1.07,0.437,0.787,0.0115,0.0519,0.00577,0.542,0.0212,0.0308,0.05,0.00192,2.68,0.00769,0.00577,0.0192,0.00962,1.01,0.00192,0,3.23,1.8,0.0154,0.612,1.07,0.00577,0.0212,0.00769,0.256,0.277,2.61,0.59,0.154,0.277,0.806,0.375,0.327,1.32,0.312,0.00192,0.0423,0.0731,0.0442,0.0269,0.0154,0.0154,2.82,0,0.0731,1.68,0.00385,0.0135,0.579,3.07,0.0269,0.473,0.00577,0.0115,0.00577,0.0173,0.0404,5.29,4.35,0.00577,0.025,0.00962,0,5.14,1.68,0.0115,0.254,0.163,0.0481,0.00192,0.0115,0.0115,0.506,0.148,0.00769,0.00192,0.0192,0.00192,0.00769,1.43,0.00962,0.00192,0.00385,0.469,0.0827,0.00577,0.00769,0.15,0.00385,0,0.00769,0.00192,0.00385,0.0731,0.00962,0.0135,0.00577,0.69,0.0154,0.00577,0.99,0.0385,0.0135,0.0115,0.00577,0,0.0115,0.0115,0,2.95,1.16,0.05,0.0308,0.00577,0.0154,1.45,0.0115,0.00192,0.00385,0.00962,0.00577,0.00385,0,0.00385,0.00192,0.213,2.89,0.252,3.72,0.00769,0.00577,0.00385,0.00962,0.0115,0.00769,0.00385,0.025,0.0154,0.0135,0,0.00577,0.00192,0.00192,0.00192,0,0.00962,0.00192,0.00962,0.00385,0,0,0.00385,0.00577,0.0115,0.00385,0.00769,0.00769,0,0,0.00385,0.00385,0.00769,0.00769,0,0,0,0.00769,0,0.00769,0.00192,0.00192,14.8,0.0846,0.0288,0.896,0.0346,0.025,7.18,0.958,6.82,0.0673,0.025,3.46,0.0135,0.0288,5.68,23.1,8.63,14.8,17.4,16.5,1.09,8.83,0.00769,5.87,0.0173,19.4,2.58,0.00577,5.9,17.6,0.0827,0.1,0.00769,0.0288,0.0212,0.00577,0.617,0.00192,0.0615,0.0115,0.0135,0.0135,0.737,2.64,0.0173,0.00577,1.92,2.33,0.00769,0.00385,0.00385,0.00962,0.00192,2.24,1.08,0.35,0.198,0.00385,0.00385,0.0173,0.00385,0.00192,0.0154,0.0173,0.00385,0.00385,0.00769,3.4,0.025,0.00962,0.0115,0,0.00192,0.00962,0.00385,0.687,0.00577,0.00385,0.00192,0.00577,0.00192,0.00385,0.00577,0.00192,0.00192,0.00962,0.00769,0.0654,1.65,0.00577,0.0115,0.0538,0.0635,0.00769,0.00769,0.00577,0.0135,0.0115,0.00385,0.00385,0.508,0.00385,5.6,0.00769,0.217,0.00192,6.3,0.5
Eggerthellales,0.05,0.0115,0.0577,0.00192,0.00962,0.00962,0.00577,0.00769,0.0673,0.00962,0.0115,0.0115,0.00962,0.00385,0.00192,0.00385,0.104,0.00192,0.0404,0.0115,0.00769,0.00385,0.00577,0.00385,0.00769,0.00769,0.0154,0.00385,0.0231,0,0.0135,0.0327,0.00962,0.00962,0.0558,0.00192,0.0442,0.00192,0.00962,0.00769,0.0327,0.00769,0.00192,0.0212,0.0154,0.00577,0.00577,0.0212,0.0115,0.0115,0.00962,0.00769,0.00769,0.00192,0.00385,0.0135,0.025,0.0115,0.0192,0.00385,0.00385,0.0635,0.0173,0.0192,0.0154,0.0154,0.0365,0.0115,0.0942,0.00577,0.0365,0.00769,0.171,0.00962,0.0654,0.0212,0.0558,0.127,0.0231,0.00962,0,0.0154,0.0192,0.0346,0.00962,0.00962,0.00192,0,0.0231,0.00385,0.0173,0.00769,0.0135,0.2,0.0308,0,0.0577,0.025,0.0212,0.00192,0.0173,0.0654,0.131,0.11,0.00192,0.0808,0.0365,0.0269,0.00962,0.0327,0.0462,0.00962,0.0231,0.0423,0.00577,0.00385,0.00577,0.00769,0.0827,0.0692,0.0115,0.00769,0.00192,0.00962,0.0154,0.0192,0.0115,0.00385,0.00769,0.025,0.00385,0.00769,0.00769,0.00385,0.00385,0.0173,0.00962,0.025,0.00769,0.0385,0.00577,0.00577,0,0.00577,0.0115,0.00769,0.00385,0.00769,0.0135,0.00192,0.0173,0.0635,0.0769,0.0173,0.00577,0,0.0115,0.00192,0.00385,0.0269,0.0173,0.0154,0.0231,0.0288,0.0231,0.025,0.0192,0.00577,0.0308,0.0423,0.00577,0.00577,0.00962,0.00962,0.00769,0.0615,0.00577,0.0192,0.0135,0.00192,0.0308,0.0135,0.00769,0.00769,0.00577,0.00192,0.127,0.0154,0.00962,0,0.00385,0.00962,0,0.00192,0.0173,0.00577,0.00577,0.00577,0.0115,0.00577,0.025,0.00577,0.0115,0.0154,0.0154,0.0269,0.025,0.00385,0.00385,0.00962,0.0115,0.0192,0.0192,0.0115,0.00962,0.00962,0,0,0.0115,0.0135,0.0269,0.0288,0.00385,0.00577,0.00385,0.00962,0.0173,0.0192,0.0462,0.00962,0.0115,0.0135,0.00577,0.00385,0.00962,0.00577,0,0.0154,0.0135,0.0365,0.00769,0,0,0.0577,0.00577,0.00577,0.00769,0.00385,0,0.0135,0.00385,0.0423,0.00192,0.0192,0.0365,0.00962,0.00962,0.0269,0.00385,0.0231,0,0.0115,0.00385,0,0.00769,0.0115,0.0135,0.00385,0.0173,0.0115,0.00577,0.00577,0.0115,0.00962,0.0173,0.00769,0.0115,0.0327,0.0673,0.0115,0.0308,0.512,0.00192,0.0154,0.00385,0.00192,0.0462,0,0.0115,0.0635,0.00192,0.00962,0.0135,0.00577,0.0385,0.125,0.00769,0.00577,0.00962,0.113,0.0365,0.00577,0.00577,0.00962,0.00192,0.0596,0.102,0.00192,0.0212,0,0.00192,0.0154,0.00385,0.00769,0.0212,0.00769,0.0269,0.00577,0.0115,0.00577,0.00577,0.0192,0.00385,0.0115,0.00577,0.00385,0.00962,0.0115,0.00769,0.025,0.00385,0.0173,0.0173,0.00962,0.0462,0.00385,0.0115,0.00962,0.0192,0.0231,0.00192,0.00385,0.00769,0.0288,0.0115,0.0115,0.0135,0,0.00577,0.00192,0,0.0269,0.0308,0.00385,0.0173,0.0192,0.00385,0.025,0.0115,0.0423,0.0192,0.00577,0.0308,0.00962,0.0231,0.0635,0.0365,0.117,0.0846,0.0596,0.0365,0.00769,0.00385,0.00192,0.0173,0,0.0712,0.0173,0.00385,0.0327,0.0404,0.00577,0.00192,0.0135,0.00577,0.0154,0,0.00962,0.0115,0.00769,0.00192,0.00577,0.0269,0.00577,0.00385,0.00192,0,0.0212,0.00577,0,0.00192,0.00192,0,0,0.0231,0.00577,0.0154,0.00385,0.00192,0,0,0.00577,0,0,0.00192,0,0,0,0.00962,0.00192,0,0.00385,0,0,0.00385,0,0,0,0,0,0,0.00192,0,0,0,0.00192,0,0.00192,0.0212,0.0327,0.0365,0,0.0269,0.00769,0,0.00962,0.00962,0.0115,0.00192,0.00962,0.00769,0.0115,0.171,0.45,0.00385,0.0231,0.00192,0.00385,0.4
Synergistales,0,0,0,0,0.0635,0,0,0,0,0,0,0,0,0,0,0,0,0,0,0,0,0,0,0,0,0.0385,0.00192,0,0,0,0.00192,0,0,0.00577,0,0,0,0,0,0,0,0.0135,0,0,0,0,0,0,0,0,0,0,0,0,0,0,0,0,0,0,0.00962,0,0,0,0,0,0,0,0,0.00385,0,0,0.0173,0.00385,0,0,0,0,0,0,0,0,0,0,0,0,0,0,0,0,0,0.00385,0,0,0,0,0,0,0,0,0,0.00192,0.00769,0,0.00192,0.00385,0,0,0.0442,0,0.0212,0,0.00192,0.00192,0,0,0.00192,0,0,0,0,0,0,0.0269,0,0,0,0,0,0.00192,0.0212,0.00385,0,0.00192,0,0,0.00577,0.00769,0,0.00577,0,0,0.00192,0,0,0.00192,0,0.00192,0,0,0,0.138,0.919,0,0,0,0,0,0,0.075,0.00577,0.00192,0,0.0423,0,0.00962,0,0.00192,0,0.0596,0,0,0,0.00577,0,0,0,0,0,0,0,0,0,0.00192,0,0.00192,0.00385,0,0,0,0,0,0,0.00577,0,0,0,0.0692,0,0.00385,0,0,0,0,0.0231,0,0,0,0,0,0,0.00192,0,0.00192,0.00385,0.00192,0.00192,0.00385,0,0,0,0.00192,0.0731,0.00192,0.00385,0.00192,0,0.0269,0.0558,0.00192,0.00192,0.00192,0.00192,0,0.00192,0,0.00192,0,0,0.00192,0.00192,0,0.00192,0,0,0,0,0.00192,0,0,0,0,0,0,0,0,0.025,0,0,0.0365,0.00385,0,0,0.0404,0,0,0,0.00192,0,0,0,0.00192,0,0.00385,0.00385,0.00385,0.00769,0,0,0,0,0,0,0,0,0,0,0,0,0,0.00192,0,0.00577,0,0.0288,1.35,0,0.0135,0.00192,0.0173,0,0.00192,0.00192,0,0.00192,0.352,0.0154,0.00577,0,0.00192,0,0,0,0,0,0,0,0,0,0,0,0,0,0,0,0,0,0,0,0,0,0,0,0,0,0,0,0,0,0,0,0,0,0,0,0,0,0,0,0,0.00192,0,0,0,0,0,0,0,0,0,0,0,0,0,0,0,0,0,0,0,0,0,0,0,0,0,0,0.00192,0,0,0,0,0,0,0,0,0,0,0,0,0,0,0,0,0,0,0,0,0,0,0,0,0,0,0,0,0,0,0,0,0,0,0,0,0,0,0,0,0,0,0,0,0,0.00192,0,0,0,0,0,0,0,0,0,0,0,0,0,0,0,0,0,0,0,0,0,0.00192,0,0.00385,0,0,0,0.00192,0,0,0,0,0,0,0.4
Coriobacteriales,0,0.00962,0,0.477,0.154,0.0269,0.61,0.204,0.123,0,0,0.0154,0,0.00385,0.00577,0.00385,0,0.025,0,0.00192,0,0,0.0308,0.025,0.0462,0.0904,0.163,0.0288,0.00385,0.00769,0.00385,0.275,0.148,0.00577,0.177,0.00385,0.113,0.0692,0.00192,0.344,0.777,0.244,0.0115,0,0.00385,0,0.00192,0.00192,0.458,0.127,0.171,0.00385,0.00192,0.00192,0.00385,0.00385,0,0,0.00192,0.0135,0.0442,0.133,0.00192,0.00385,0.00192,0,0,0,0.00192,0,0.00192,0.00192,0.0577,0.0923,0.00192,0.00192,0.00192,0.00192,0.00577,0.00769,0,0.00192,0.00192,0,0,0.00962,0,0.00192,0,0.215,0.16,0.0385,0.483,0.00769,0.0135,0,2.48,0.00385,0.00769,0.00192,0.215,0.00385,0.0154,0,0,0.00577,0.0192,0,0.0192,0,0.223,0,0.00769,0,0.025,0.00192,0,0.00192,0.00962,0.00385,0.00192,0,0.00192,0.0519,0.00769,0.00385,0.00385,0.00192,0.215,0.00385,0.383,0.075,0.00769,0.00192,0.0558,0.00577,0.456,0.156,0.0192,0.00385,0.00577,0.106,0.0519,0.25,0.00192,0,0.00192,0.0385,0.0231,0.117,0.00769,0.0654,0.173,0,0.777,0.00385,0.119,0.0135,0.0308,0.113,0.0288,0,0.00385,0.00577,0.00192,1.02,0.94,0.00769,0.00192,0.00192,0.356,0.0269,0.319,0.00385,0.00385,0,0,0.0231,0.00192,0.0385,0.00769,0.146,0.00577,0.00385,0.0308,0.0712,0,0.00192,0.075,0.00385,0.229,0.0577,0,0,0.00385,0.0327,0.0288,0.0288,0,0.0558,0.00192,0.00385,0.0115,0.00192,0.465,0.0135,0.00192,0.00192,0.025,0.00385,0.233,0.00192,0,0,0.00385,0.00192,0.0519,0.00192,0,0.00577,0.00962,0,0.0269,0.0192,0.075,0.00192,0.00577,0.362,0.106,0.00192,0.00192,0.102,0,0.00385,0,0,0.00385,0.229,0.00385,0.00192,0.00192,0.0654,0.00192,0,0.0288,0,0.0596,0,0.0635,0,0,0.621,0,0.0962,0.00192,0.00192,0.202,0.00192,0.0327,0.1,0.0365,0.00192,0.0327,0.0519,0.00192,0.00385,0.0923,0.00192,0.00192,0,0.00192,0,0.00385,0.306,0,0.00192,0,0,0.0865,0,0.00385,0,0,0,0,0,0,0.00577,0.00577,0.444,0.0385,0.00192,0.00577,0.00385,0.0442,0.358,0,0,0.0231,0.313,0.00385,0.00192,0.0173,0,0.683,0.00385,0.0923,0.00577,0.00192,0.00385,0,0,0,0.00385,0,0,0.00192,0,0.00192,0,0,0.00192,0.00192,0,0.00192,0,0,0.00192,0.00192,0,0,0,0,0,0,0,0,0,0.00192,0,0,0,0,0,0,0,0,0,0,0.00192,0,0.0462,0.15,0.00385,0.0173,0.556,0.54,0.0212,0.00385,0.0231,0.677,0.00577,0.0865,0.175,0.0385,0.075,0.0635,0.135,0.142,0.0885,0.0788,0.00962,0.00385,0.00192,0.0154,0.0115,0.112,0.0231,0.00962,0.0538,0.119,0.00962,0.0115,0.00962,0.00385,0.0212,0.00577,0.0115,0.00577,0.0173,0.00192,0.00769,0.0115,0,0.00192,0,0.00192,0.00577,0.0135,0,0.00192,0.0212,0,0.0462,0.0135,0.0192,0.00769,0.00962,0.00192,0.0269,0.00577,0.00962,0.0135,0.0192,0,0.0231,0.0115,0,0.0115,0.0115,0.00769,0,0.00962,0.00769,0,0.00385,0,0.0154,0.0231,0.0154,0.00385,0.0269,0.0154,0.0327,0.00769,0.0269,0.0519,0,0.00192,0.00385,0,0,0.075,0.00192,0.00577,0.0231,0.00192,0,0,0,0.00385,0,0,0.00577,0,0.00577,0.283,0.00769,0.4
Bacillales,0,0.0135,0.00385,0.0481,0.00192,0.00577,0.00769,0.00385,0,0.0154,0.00385,0,0,0.00192,0.00192,0.00962,0.025,0.00962,0.00385,0.00192,0.00385,0.00769,0.00385,0.00577,0.0212,0.00769,0.00192,0.00769,0.00385,0.00769,0,0.0308,0.00192,0.00192,0.00962,0.00385,0.0115,0,0,0,0.0135,0.00962,0.00385,0.0115,0,0.0269,0.0154,0.00769,0.00192,0,0.00385,0.0173,0,0.0135,0.00577,0.00192,0.00577,0.00385,0,0.00962,0.00962,0.0212,0.00577,0.00192,0.00385,0.0154,1.03,0.0115,0.0115,0.00385,0.00577,0.00192,0.00962,0.00577,0.00577,0.00385,0.0115,0.0212,0.0115,0.00769,0.00769,0.0135,0.00577,0.0173,0.0135,0.00769,0,0.00192,0,0.00769,0.0212,0.00962,0.00577,0.00769,0.00962,0.00192,0.00385,0.00577,0.00769,0,0.0135,0.00962,0.0115,0.00769,0.00385,0.0173,0,0.0135,0.00769,0.00577,0.00577,0.00385,0.0231,0.0115,0.0173,0.00769,0.0135,0.00769,0.00769,0.00577,0.00577,0.0192,0.0115,0,0.0192,0.00962,0.0115,0.0846,0.00192,0.00385,0.00192,0,0.00962,0.00385,0,0.00385,0,0.00192,0.00192,0.00385,0.0154,0.00769,0.00385,0,0,0,0,0.0115,0.0135,0.00769,0.0115,0.0327,0.00385,0.00769,0.00385,0.00385,0.0135,0.0192,0.00769,0.00385,0.00192,0.0173,0.0115,0.00577,0.0115,0.00577,0.00577,0.00192,0.00385,0,0.00192,0,0.00577,0.00385,0,0.00192,0.00769,0.0115,0.00192,0.00577,0.0212,0.00192,0.00192,0.0135,0.00385,0.00385,0.0154,0.00385,0.0154,0.00769,0.00769,0.00385,0.0173,0.00962,0.00962,0.00577,0.00577,0.00192,0.0231,0.0269,0.0115,0.0115,0.00192,0.00192,0.00577,0,0.00769,0,0.00192,0.00769,0.0115,0.00577,0,0.00385,0.00385,0.00192,0.00385,0.00385,0.00385,0.00577,0.0154,0.00577,0.00385,0.00962,0.00192,0.0154,0.00769,0.00962,0.0231,0.025,0.00385,0.00577,0.0327,0.0135,0.00577,0.00192,0.0212,0.0269,0.0231,0,0.00192,0,0.00385,0.00962,0.0135,0.00769,0,0,0.00385,0.00385,0.0212,0,0.00577,0.00192,0.00192,0,0.00192,0.00385,0.00577,0.00385,0.00385,0.0192,0.00577,0.00577,0.00192,0.00577,0.0135,0.00577,0.00385,0.00385,0.0135,0.00962,0.0212,0.00962,0.00192,0,0.00192,0,0.00769,0.00192,0.00385,0.00385,0.00192,0.00192,0.00192,0.00769,0.00385,0.00577,0.00192,0.00192,0,0.025,0,0,0,0.0231,0,0,0.00192,0.00192,0.00385,0.00769,0.00385,0.0115,0.0212,0.0115,0.00577,0.00769,0.00192,0.00192,0.00192,0.00385,0.00385,0.0327,0.0173,0.0173,0.00385,0.0115,0.00769,0.00192,0,0.00192,0,0,0.00192,0.00192,0.00192,0,0,0.0173,0,0.00385,0.00192,0,0.00577,0.00385,0,0.00385,0,0,0.00962,0.00577,0.00577,0.00385,0,0,0.00962,0.0173,0.00192,0.00385,0.00769,0.00577,0.00192,0.00769,0,0.00192,0.00385,0,0,0.00577,0.00192,0.00192,0.00385,0,0.00769,0,0,0.00577,0.00385,0.00192,0.00192,0.00192,0.00385,0.00577,0.00192,0.00769,0.00192,0.00192,0.0135,0.00385,0.00192,0.0135,0,0.00385,0.00385,0.00962,0.00577,0.0212,0.0212,0.0135,0.0192,0.00577,0.00962,0.00385,0,0.0442,0,0.00577,0.00385,0.00577,0.025,0,0.0192,0.00962,0.00192,0.00385,0.0135,0,0.00385,0,0.0404,0.00385,0.00769,0.00385,0.0365,0.00577,0.0115,0.00577,0.00192,0.00769,0.0173,0.00769,0.00577,0,0.00385,0.0135,0.00962,0.0212,0.00577,0,0.00192,0,0.00385,0.00385,0,0.00192,0.00577,0.00385,0.00385,0,0,0.00385,0.00192,0.00577,0.00577,0.00962,0.00962,0.00385,0.00385,0.00769,0.0154,0.00192,0.00192,0.0269,0.00385,0.00192,0.00769,0.00192,0.4
Xanthomonadales,0.00577,0.0173,0.00962,0.00962,0.0192,0.0327,0,0,0,0.00577,0.0173,0.0115,0.0212,0.0115,0,0,0,0,0,0,0,0,0.0212,0,0,0,0.00962,0.0212,0.0154,0.0192,0.00577,0.0115,0.00192,0,0.00192,0.0154,0.00192,0.0212,0.00192,0,0,0.00192,0.00192,0.0192,0,0,0.00385,0,0.0173,0.00962,0.0115,0.025,0.00192,0.00192,0.00192,0,0,0,0,0,0,0,0,0,0.00962,0.0115,0.269,0.0115,0.00769,0.0154,0,0.00385,0.00962,0.00192,0,0,0.00385,0.00192,0.00577,0.00385,0,0.00192,0,0.00577,0.00192,0,0.00192,0.0154,0,0.00192,0,0,0.00385,0.0115,0.0135,0.0115,0.0154,0.0135,0.0288,0,0.0192,0.0115,0.0154,0.0135,0.00769,0.0115,0.00192,0,0.00192,0,0,0,0,0,0,0,0,0,0.00192,0,0.00577,0,0,0,0,0,0.00192,0,0.0135,0.0212,0.0269,0.025,0.0308,0.0385,0.00192,0,0,0.0192,0.0135,0.0135,0.0173,0.0192,0.0231,0.00769,0.0212,0.00769,0,0,0.00192,0,0,0,0,0,0.00192,0,0,0,0,0.025,0,0.00192,0,0.00769,0.0192,0.0154,0.0212,0.00962,0.0288,0,0,0.00577,0.00769,0.0135,0.0135,0.0154,0.0135,0.0115,0.0154,0.00192,0,0,0,0,0,0,0.00385,0,0,0.00192,0,0,0,0,0,0,0.00962,0,0,0,0,0,0.0231,0.0115,0.025,0.0135,0.0558,0.00962,0.00769,0,0.00192,0.0269,0.0327,0.0115,0.0135,0.00577,0.0135,0.0192,0.00962,0.00385,0.00192,0.00192,0.00192,0.00192,0.00192,0,0,0,0.00192,0,0.00577,0,0.00385,0,0,0.0115,0,0,0.00192,0.00769,0.025,0.00769,0.0115,0.00192,0.0173,0.0308,0,0,0.00192,0.0115,0,0.0231,0.0192,0.025,0.00192,0.00769,0,0,0,0,0,0,0,0,0,0,0,0,0.00577,0,0,0.00192,0,0,0.0135,0.0115,0.00769,0.00769,0.0135,0,0,0.00962,0,0,0,0.00385,0.00385,0,0.00769,0.0288,0.0231,0.0231,0,0,0.242,0.0115,0.0154,0.00385,0.0135,0.00385,0,0,0,0,0,0.00192,0.00577,0,0,0.00192,0,0.00769,0.00192,0.00192,0,0.00192,0,0,0,0.00769,0.00769,0.00769,0.0212,0.0173,0.0154,0.0115,0,0.00192,0.00192,0.0135,0.0115,0.0173,0.0115,0.00385,0.00962,0.00192,0,0.00192,0,0,0,0,0,0.00192,0,0,0,0,0,0,0.00192,0,0.0192,0.00769,0.00769,0.0192,0.0154,0.0212,0,0,0,0.00962,0.00577,0.00385,0.00769,0.0115,0.00962,0.00192,0.00577,0,0,0,0,0,0.00192,0,0.00192,0,0,0,0,0,0,0.00192,0,0,0,0,0,0,0.00577,0.00192,0.00962,0.00962,0.00769,0,0,0,0.00962,0.00577,0.00192,0.00192,0.0115,0.0173,0.00769,0.0173,0.00192,0,0,0,0,0,0.00192,0,0,0,0,0,0.00192,0.00192,0,0,0,0,0,0,0,0,0,0.00577,0.00577,0.0115,0.0231,0.00962,0,0.0115,0.00769,0.00577,0.00385,0.00769,0.0115,0,0,0,0,0,0,0,0.00385,0,0.00385,0.00962,0,0,0,0.00577,0.0115,0.00962,0.4
Mycobacteriales,0,0,0,0,0.00192,0,0,0,0,0,0,0,0,0.00192,0,0,0,0,0,0,0,0,0,0,0,0,0,0,0,0,0,0,0,0,0,0,0.00962,0,0,0,0,0,0,0,0,0,0,0,0,0,0,0,0.00192,0,0,0.00192,0,0,0,0,0,0,0,0,0,0,2.16,0.00192,0,0,0,0,0.00769,0,0,0,0,0,0,0,0,0,0,0,0,0,0,0,0,0,0,0,0,0,0,0,0,0,0,0.00192,0,0,0,0.00192,0,0,0,0,0.00192,0,0,0,0,0,0,0,0,0,0,0,0.00192,0,0,0,0,0,0,0,0,0,0,0.00192,0,0,0,0,0.00385,0.00385,0,0,0,0.00192,0,0,0,0,0,0,0,0,0.00192,0,0,0,0,0,0,0,0,0,0,0,0,0,0,0,0.00192,0,0,0,0,0.00192,0,0,0,0,0,0,0,0,0,0,0,0,0,0,0,0,0,0,0,0,0,0,0,0,0,0,0,0,0,0,0,0,0,0,0,0.00192,0,0,0.00192,0.00385,0,0,0,0.00192,0,0,0,0,0,0,0,0,0,0.00192,0,0,0,0,0,0,0,0,0,0,0,0,0,0,0,0,0,0.00192,0,0,0,0,0,0,0.00769,0,0.00192,0.00192,0,0,0,0,0,0,0,0,0,0,0,0,0,0,0,0,0,0,0,0,0,0,0,0,0,0,0,0,0,0,0,0,0.00192,0,0,0,0,0,0,0,0.00192,0,0,0,0.00385,0,0,0,0,0,0,0,0,0,0,0,0,0,0,0,0,0,0,0,0,0,0,0,0,0,0,0,0,0.00192,0,0,0,0,0.00192,0,0,0,0,0,0,0,0,0,0,0,0,0,0,0,0,0,0,0.00192,0,0,0,0,0,0,0,0,0.00192,0,0,0,0,0,0.00192,0,0,0,0,0,0,0,0,0,0,0,0.00577,0,0,0,0,0,0,0,0,0,0,0,0,0.00769,0,0,0,0.00577,0,0,0.00192,0,0,0,0.00385,0,0,0,0,0,0,0,0,0,0,0,0,0,0,0,0,0,0,0,0,0,0,0,0,0,0,0,0,0,0,0,0,0,0,0,0,0,0,0,0,0,0,0,0,0,0,0,0,0,0,0,0,0,0,0,0.4
Selenomonadales,2.83,0.0442,0.0462,0.0615,11.1,1.78,8.75,1.29,0.0346,0.0519,0.0577,11,4.9,32.9,0.05,0.0481,0.215,0.0538,0.0327,0.05,0.0346,0.0327,0.104,0.0558,0.0654,0.915,0.075,0.358,0.0442,0.0462,1.24,0.333,1.94,0.0654,0.0923,16.6,1.04,1.48,0.102,0.15,0.448,0.208,1.72,0.0596,0.0865,0.844,3.64,1.22,9.23,0.331,0.05,0.0231,0.0615,3.48,0.0788,0.0904,0.0654,0.0827,0.075,0.0846,2.11,0.0615,0.0519,0.1,2.6,0.0635,0.108,0.0308,0.0346,0.025,0.00769,0.025,0.0385,1.24,0.0442,0.0442,0.0154,3.37,0.0558,0.0115,0.0115,1.34,0.0212,0.0365,1.11,0.0712,0.0885,0.0327,1.79,0.752,8.25,0.696,0.125,0.0346,0.05,0.0115,0.154,0.0212,1.11,0.0231,3.56,12.6,0.0308,0.0135,0.0212,0.633,0.0365,0.662,0.0308,0.05,0.0231,0.0308,0.0423,0.0423,0.0462,0.0192,0.0692,0.0192,0.108,0.0212,0.0308,0.0865,0.0269,0.05,0.0365,0.0269,0.05,0.0519,0.367,0.254,0.546,0.121,0.279,0.0462,0.025,0.025,0.719,0.846,0.0269,2.63,0.0385,3.7,2.31,0.0269,0.462,0.0308,0.0327,0.0519,0.0346,3.27,0.388,0.05,0.0442,0.0519,0.0462,0.0135,0.0385,0.0173,2,0.485,1.38,0.0404,0.321,0.152,0.94,0.0942,0.0346,0.137,5.33,0.0519,0.0635,2.71,0.0269,5.19,0.687,0.0442,0.0788,0.0635,1.71,12.4,0.1,0.115,5.27,3.8,1.04,0.0288,0.0481,0.406,4.53,0.0596,0.327,1.45,9.41,0.0673,1.58,0.104,0.438,0.231,0.14,0.221,0.0731,0.106,0.144,0.465,0.413,0.0615,0.146,0.0558,0.0615,0.075,0.352,1.19,0.0481,0.967,0.0731,1.63,1.81,15.6,4.12,0.0981,0.337,0.102,1.74,0.0904,1.51,0.596,0.112,0.402,0.331,0.165,0.144,0.362,0.135,0.827,0.183,0.158,0.0673,3.38,0.0596,0.723,2.28,0.0404,0.0423,0.0423,2.83,0.0635,0.0365,0.394,8.88,0.0192,13.6,0.869,1.09,1.5,0.0385,2.49,0.34,0.0404,2.48,0.175,0.0654,0.0442,0.867,0.0712,0.0404,0.104,0.0654,0.0673,0.165,0.0635,4.54,0.0596,0.0846,0.787,0.108,0.133,1.18,0.05,0.49,0.0173,0.421,0.121,5.92,3.92,2.12,0.704,0.0635,1.27,0.0308,37,2.98,0.108,0.833,6.65,0.431,0.127,0.0654,0.133,5.16,0.104,0.377,19.2,0.102,2.58,1.25,0.202,0.0788,5.45,15.8,0.0692,0.123,11.7,13.6,12.1,13.5,6.4,16.1,14.8,8.93,9.86,14.7,12.8,21.9,2.72,6.02,8.74,7.2,18,3.52,8.71,21.2,10.5,12.9,2.34,7.71,18.5,14.7,11.7,9.8,8.66,3.74,13.4,5.01,11.7,10,12.4,5.49,6.46,1.84,2.78,10.3,0.115,0.0846,14.2,0.0962,0.0538,0.0385,0.0635,0.0577,0.0712,0.0519,1.03,0.0365,0.0538,0.696,0.0596,0.0558,0.0481,0.0808,0.0827,0.0904,0.0808,0.0692,3.86,0.0827,2.06,0.0788,0.904,1,0.0615,0.0558,0.131,0.133,0.156,0.129,0.104,0.446,0.408,0.285,0.377,0.0538,0.229,0.2,0.175,0.0462,0.112,0.0115,0.0385,0.0846,0.00962,0.0462,0.0327,0.0346,0.0231,0.0788,0.0577,0.0846,0.179,0.731,0.0327,0.0231,0.667,0.95,0.0154,0.0192,0.025,0.0135,3.41,0.025,0.244,0.0154,1.49,0.0173,0.0135,1.36,0.494,0.148,0.0308,0.0365,0.0308,0.523,0.0231,0.0231,0.0231,0.0154,0.0212,0.0231,0.0346,0.025,0.00962,0.025,0.0269,0.0308,0.0231,0.575,0.0269,0.0269,0.0288,7.58,1.92,0.0231,0.123,0.0692,0.0596,0.0385,0.0385,0.575,0.117,0.2
Sphingobacteriales,0,0,0,0,0,0,0,0,0,0,0,0,0.00192,0,0,0,0,0,0,0,0,0,0,0,0,0,0,0.00192,0,0,0,0,0,0,0,0,0,0,0,0,0.00385,0,0,0,0,0,0,0,0,0,0.00192,0,0,0,0,0,0,0.00192,0,0,0,0,0,0,0,0,0,0,0,0,0,0,0,0,0,0,0,0,0,0,0,0,0,0,0,0,0,0,0,0,0,0,0,0,0,0,0,0,0,0,0.00192,0,0,0,0,0,0,0,0,0,0,0,0,0,0,0.00192,0,0,0,0,0,0,0,0,0,0,0,0,0,0,0.00192,0,0,0,0,0,0,0,0,0,0,0,0,0,0,0.00769,0,0,0,0,0,0,0,0,0,0,0,0,0,0,0,0,0,0,0,0,0,0,0,0,0.00769,0,0,0,0,0,0,0,0.0231,0.00192,0,0.00192,0,0.00192,0,0,0,0.00192,0,0,0,0,0,0,0,0,0.00962,0,0,0,0,0.00192,0,0,0,0,0,0,0,0,0,0,0,0,0,0,0,0,0,0.00192,0,0,0,0,0,0,0,0,0,0,0,0,0,0,0,0.00192,0,0,0,0.00192,0,0,0,0,0,0,0,0,0,0,0,0,0,0,0,0.00192,0,0,0,0,0,0,0.00192,0,0,0,0,0,0,0,0,0,0,0,0,0,0,0.00385,0.00192,0,0.00192,0.00577,0,0,0.00385,0,1.46,0,0,0,0,0.00385,0,0,0.385,0,0,0,0.00192,0,0.00192,0.00192,0,0,0,0,0,0,0,0.00192,0,0,0,0,0,0,0,0,0,0,0,0,0,0,0,0,0,0,0,0,0,0,0,0,0,0,0,0,0,0,0,0,0,0,0,0,0,0,0,0,0,0,0,0,0,0,0,0,0,0,0,0,0,0,0,0,0,0,0,0,0,0,0,0,0,0,0,0,0,0,0,0,0,0,0,0,0,0,0,0,0,0,0,0,0,0,0,0,0,0,0,0,0,0,0,0,0,0,0,0,0,0,0,0,0,0,0,0,0,0,0,0,0,0,0,0,0,0,0,0,0,0,0,0,0,0,0,0,0,0,0,0,0,0,0,0,0,0,0,0,0,0,0,0,0,0,0,0,0.2
Actinomycetales,0.0308,0.0327,0.00385,0.0712,0,0.00192,0.0288,0.00577,0.00577,0.0365,0.00385,0.00385,0.00385,0.00192,0.00385,0.00192,0.0788,0.0192,0.00192,0.00385,0.0135,0.00577,0.00769,0.00385,0.00962,0.00962,0.0115,0.0115,0.00962,0.00962,0.00962,0.0212,0.0173,0,0.00192,0.00192,0.0385,0,0.00385,0.0212,0.00192,0.0173,0.00192,0.00385,0.00577,0.00192,0.00577,0.0423,0.0115,0.00577,0.00962,0.0115,0.00192,0.0212,0,0.0192,0.00577,0.00192,0.0115,0.0115,0.00577,0.00192,0,0.00962,0.00385,0.0173,0.00577,0.117,0.0385,0,0.00385,0.0115,0.0808,0.0115,0.0192,0.00385,0.0423,0.05,0.00769,0.0115,0.025,0.0115,0.00962,0.00769,0.0173,0,0.00385,0.00192,0.0154,0.00192,0.0154,0.00577,0,0.0462,0.00577,0.00192,0.0115,0.0154,0.00385,0.0173,0.0192,0.321,0.0212,0.0462,0.0135,0.0308,0.0135,0.00192,0,0.0135,0.00192,0.00577,0.00769,0.00769,0.0115,0.025,0.0154,0.0192,0.154,0.0154,0.0115,0.0115,0.00769,0.0115,0.0135,0,0.0423,0.0346,0.0192,0,0.00577,0.0154,0.00385,0.00769,0.00385,0.00192,0.0231,0.0135,0.00962,0.025,0.00577,0.0154,0.00385,0.00577,0.00577,0,0.0115,0,0.0135,0.00192,0.00769,0.0135,0.0115,0,0.00577,0.00385,0,0.00385,0.00385,0.00577,0.00769,0.0135,0.0173,0.0115,0.0308,0.0115,0.025,0.00385,0.00577,0.00577,0.0231,0.00192,0.0231,0.00385,0.00385,0.0346,0.0365,0.0154,0.00962,0.00385,0.0712,0.0115,0.0346,0,0,0.00385,0.00769,0.00192,0.0173,0.0115,0.00769,0,0.0154,0.00385,0.0154,0.00577,0.00769,0.00385,0.0135,0.0135,0.00192,0.00769,0.00577,0.00962,0.0115,0.00769,0.0212,0.00192,0.0135,0.0212,0.0519,0.00385,0.00192,0.0115,0.00385,0.00962,0.00385,0,0,0.00577,0.0308,0.00385,0.00192,0.00769,0.00192,0.00577,0.0115,0.00577,0.0327,0.00385,0.00577,0.00769,0.00192,0.00385,0.0115,0.00769,0.00192,0.0115,0.00385,0.00192,0.0173,0.00385,0.025,0.00962,0.0135,0.00192,0.00962,0.00577,0,0.0115,0.0462,0.00577,0.0154,0.00192,0.00385,0.00385,0.00577,0.00192,0.00769,0.00385,0.00192,0.0192,0.00577,0.00769,0.00385,0.0135,0.0135,0,0.00769,0.00962,0.00769,0.00577,0.0135,0.0115,0,0,0.00192,0.00192,0.00769,0,0.00385,0.0288,0,0.00192,0,0.00577,0.0115,0,0,0.0423,0.0115,0.00192,0.00769,0.00385,0.00769,0.0173,0.00962,0.00385,0.0135,0.00577,0.00769,0.00192,0.00385,0.0192,0.0192,0.0135,0.0173,0.00577,0,0.0154,0,0.00769,0.00192,0.00385,0.00192,0.00962,0,0.0115,0.00577,0.00769,0.00385,0.00962,0.00385,0,0,0.00769,0.00192,0,0,0.00385,0.00385,0.00962,0.00962,0.00385,0.00962,0.00577,0.00769,0.00192,0,0.00962,0.00192,0.00192,0.00192,0.0135,0.00192,0.00192,0.00577,0,0.00577,0.00385,0.00577,0.00192,0,0.00385,0.0115,0.00577,0.00385,0.00769,0.00192,0.0115,0,0.00385,0.00962,0,0.00577,0.00769,0.00385,0.0115,0.0115,0.0115,0.00962,0.00192,0.00385,0,0.00769,0.00385,0.0173,0.00577,0.00385,0.00385,0.00962,0.00962,0.00192,0.00577,0.0135,0.0115,0.0135,0.00577,0.0173,0.0154,0.0288,0.0212,0.0346,0.0115,0.00769,0.0154,0.00192,0.0135,0.00577,0,0.0154,0,0.0192,0,0.00577,0.00385,0.0231,0.00192,0.00385,0.00577,0.0192,0,0.00577,0,0.0173,0.00192,0.00192,0.00385,0.00962,0.0192,0.00769,0.00385,0,0.00577,0.00192,0,0.00385,0,0.00385,0.00385,0.00577,0.00192,0,0.00385,0.00192,0.00385,0.00385,0.0212,0.0115,0.0192,0.00192,0.00577,0.025,0.0308,0.00385,0.00192,0,0.00192,0.00769,0.00962,0.00385,0.0135,0.0173,0.0692,0,0.0308,0.00769,0.00385,0.2
Rhodospirillales,0,0.00192,0,0,0,0,0,0,0,0,0,1.3,0,0,0,0,0,0,0,0,0.00192,0,0,0.00192,0.00192,0,0,0,0,0,0,0,0,0,0,0,0,0,0,0,0,0,0,0,0,0,0.00192,0,0,0,0,0,0.00192,0,0,0,0,0,0,0,0,0,0,0,0,0,0,0,0,0,0,0,0,0,0,0,0,0,0,0,0,0,0,0,0,0,0,0,0,0,0,0,0,0,0,0,0,0,0,0,0,0,0,0,0,0,0,0,0,0,0,0,0,0,0,0,0,0,0,0,0,0,0,0,0,0,0,0,0,0,0,0,0,0,0,0,0,0,0,0,0,0,0,0,0,0,0,0,0,0,0,0,0,0,0,0,0,0,0,0,0,0,0,0,0,0,0,0,0,0,0,0,0,0,0,0,0,0,0,0,0,0,0,0,0,0,0,0,0,0,0,0,0,0,0,0,0,0,0,0,0,0,0,0,0,0,0,0,0,0,0,0,0,0,0,0,0,0,0,0,0,0,0,0,0,0,0,0,0,0,0,0,0,0,0,0,0,0,0,0,0,0,0,0,0,0,0,0,0,0,0,0,0,0,0,0,0,0,0,0,0,0,0,0,0,0,0,0,0,0,0,0,0,0,0,0,0,0,0,0,0,0,0,0,0,0,0,0,0,0,0,0,0,0,0,0,0,0,0,0,0,0,0,0,0,0,0,0,0,0,0,0,0,0,0,0.00192,0,0,0,0,0,0,0,0,0,0,0,0,0,0,0,0,0,0,0,0,0,0,0,0,0,0,0,0,0,0,0,0,0,0,0,0,0,0,0,0,0,0,0,0,0,0,0,0,0,0,0,0,0,0,0,0,0,0,0,0,0,0,0,0,0,0,0,0,0,0,0,0,0,0,0,0,0,0,0,0,0,0,0,0,0,0,0,0,0,0,0,0,0,0,0,0,0,0,0,0,0,0,0,0,0,0,0,0.00192,0,0,0,0,0,0,0,0,0,0,0,0,0,0,0,0,0,0,0,0,0,0,0,0,0,0,0,0,0,0,0,0,0,0,0.2
Nevskiales,0.00192,0,0,0.00192,0,0,0,0,0,0,0,0,0.00192,0.0327,0,0,0,0,0,0.00962,0,0,0,0.00192,0.0135,0,0.00192,0,0,0,0.00192,0,0,0,0.00192,0.00385,0,0.00192,0,0.00577,0,0,0.0173,0,0.00192,0.0173,0,0.00192,0.00577,0,0,0,0.00577,0,0,0.00192,0,0.00192,0.00962,0.00192,0.0115,0.0173,0,0.00192,0,0,0,0,0,0,0,0.00385,0,0,0.00192,0,0.00192,0,0,0.00385,0.00577,0.00385,0.00192,0.00769,0.00769,0,0.00577,0,0.00192,0.00577,0,0.00192,0,0.00192,0.00192,0,0.00385,0,0,0,0,0,0,0.00385,0.00192,0.0212,0,0.00769,0,0.00192,0.00192,0,0,0,0,0.00577,0.0115,0.0192,0,0.00577,0,0.0154,0,0.0115,0,0.0212,0.00577,0.00769,0.00192,0,0.00577,0,0,0,0,0,0,0,0,0,0,0.00769,0.00192,0.00962,0,0,0,0.00192,0,0,0.00192,0.00769,0.0135,0.025,0.00192,0.00192,0.0327,0.0154,0.00192,0.00192,0.00192,0.00192,0.00192,0.00385,0,0,0,0,0.00192,0,0,0,0,0.00192,0,0.00769,0.00192,0.0192,0.00192,0,0.0135,0,0,0,0,0,0.00385,0.00769,0.025,0.0154,0,0.00385,0.0154,0.00577,0,0.00769,0,0,0.0231,0,0.00577,0,0.00192,0,0.00192,0,0,0,0,0,0.00192,0,0.00192,0,0,0.00385,0.00192,0.0365,0,0,0.00192,0.00192,0,0,0,0,0.00192,0.00192,0.00577,0.0212,0.00577,0.0442,0.0385,0,0.0173,0,0.00192,0.00962,0.0135,0.00769,0,0.00385,0.00192,0,0,0.00192,0,0,0,0,0,0,0.00385,0,0.0308,0,0.00192,0,0,0.00192,0,0.00192,0.00962,0.0154,0.0173,0.0135,0.0269,0.00962,0,0,0.0154,0,0.0115,0,0.00192,0.00192,0,0.00192,0,0,0.00192,0.00962,0,0,0,0.00192,0.00577,0,0,0,0,0,0,0,0.00192,0,0,0,0,0,0.00385,0,0.00192,0,0,0.00769,0.0173,0.0192,0,0.00962,0.0173,0.00192,0,0.0173,0.00385,0.00577,0.00385,0.00192,0,0.00192,0,0,0.00192,0,0.00192,0,0.00192,0,0,0,0.00192,0,0,0,0.0115,0,0,0,0,0,0,0,0.00192,0.00577,0.00769,0,0.00192,0.0115,0,0.00385,0.00192,0,0,0.00192,0,0,0,0,0,0,0,0,0.00192,0,0,0,0,0.00962,0.00192,0,0,0,0,0,0,0,0,0.00192,0,0.00192,0.0231,0.00769,0,0,0.00192,0.00962,0,0.0231,0.00192,0.00769,0,0,0,0,0,0,0,0,0,0,0.00192,0,0.00577,0.00192,0.0154,0,0,0.00769,0,0,0,0,0,0,0,0.0115,0.00769,0.00385,0.00192,0.00577,0.00769,0,0.0115,0,0.00385,0.00769,0,0.00769,0,0.00192,0,0.00192,0,0,0,0,0,0,0,0.00192,0,0,0.00962,0,0,0.00385,0.0173,0.00769,0,0.00192,0,0,0.0154,0.00769,0.00192,0.00192,0,0.00385,0.2
Neisseriales,0,0.00192,0,0.00192,0,0,0,0,0,0,0,0,0,0,0.00192,0.00192,0.00385,0,0,0.0135,0,0.00192,0,0,0,0,0,0.00577,0,0.00385,0,0.00192,0.00192,0.00385,0.00192,0.00192,0.00192,0,0,0.00192,0,0,0.0135,0,0,0,0,0.00192,0.00192,0.00577,0,0,0,0.00192,0.00192,0,0,0.0192,0.0135,0,0.00769,0.00385,0.00192,0,0.00385,0.00577,0.0846,0,0.00192,0.00192,0.00192,0,0,0,0,0,0.00192,0,0,0,0.0192,0.00769,0.00577,0.00192,0.00192,0.00192,0,0,0,0,0,0,0,0,0,0,0,0,0.00192,0,0,0,0,0,0,0,0,0,0,0,0.00192,0.00192,0.00385,0,0.00192,0.0192,0.00962,0.00962,0.00385,0.00192,0.00769,0,0,0,0,0,0,0,0.00192,0.00192,0,0,0,0,0.0192,0.00192,0,0.00192,0,0,0,0.00577,0,0,0.00192,0.00192,0,0,0,0.00192,0,0.0173,0.0135,0.0231,0.0115,0,0.00962,0,0.00385,0.00192,0,0.0115,0,0.00962,0.00192,0,0,0,0,0,0,0.00192,0.00769,0,0,0.00192,0,0.00577,0.00385,0,0.00192,0,0.00385,0.00192,0,0,0,0.0115,0.0231,0.0173,0.0173,0.0115,0.00962,0,0.00192,0.00192,0,0,0,0,0,0,0.00192,0.00192,0,0,0.00577,0.00192,0.00192,0.00192,0,0,0,0.00192,0.00769,0.00192,0.00577,0,0,0,0,0.00192,0.00192,0.0692,0.00962,0.00385,0,0,0.0135,0.0269,0.00385,0.0173,0.00385,0.00192,0,0.00192,0.0115,0,0.00192,0,0.00577,0.00192,0,0.00385,0,0,0,0,0.00192,0,0.456,0.00192,0.158,0.00577,0.00192,0,0,0,0.00192,0,0,0,0.0231,0.0115,0.0115,0.00962,0,0.00385,0,0,0.00192,0,0,0.00577,0.00192,0,0.0212,0.00192,0,0.00192,0.00192,0.00192,0,0,0,0,0.00385,0.0308,0.00192,0,0.00769,0.00385,0,0,0,0,0,0,0.00192,0,0.00192,0,0.00192,0.00962,0.0115,0.00577,0.025,0.0173,0.00385,0.00385,0.00577,0.00192,0,0.00577,0,0,0.00192,0,0,0,0,0,0,0,0,0,0,0,0,0.00962,0,0,0,0,0,0,0,0,0.00192,0,0,0.00192,0.00577,0.00577,0.00769,0.00192,0.00192,0.00192,0,0,0,0,0.00192,0.00385,0,0.00192,0,0,0,0,0,0.00192,0,0,0,0,0,0,0,0,0,0,0,0.00385,0,0,0,0.0115,0.00577,0,0.00385,0,0.00192,0,0,0,0,0.00192,0,0,0.00192,0.00962,0.00385,0.00192,0,0.513,0.00192,0.00192,0,0,0.323,0.00385,0.265,0,0.00192,0,0.00192,0.00192,0.00577,0,0.437,0.00385,0.00385,0.00192,0.16,0.00577,0.00769,0.0115,0,0.00577,0.00385,0,0,0,0.00769,0.00385,0.00385,0,0,0,0,0,0,0,0,0,0,0.00192,0,0,0.00577,0,0,0,0,0.00577,0.00192,0,0,0,0.00962,0,0.00192,0,0,0,0,0,0.2
Campylobacterales,0,0,0,0,0.00192,0,0,0,0,0.183,0.00192,0,0,0.00385,0,0,0,0,0,0,0,0,0,0,0,0,0,0,0,0,0,0,0.00385,0,0.00192,0,0,0,0,0,0,0,0,0,0,0,0,0,0,0,0,0,0.00192,0.00385,0,0,0,0,0.00192,0,0.00192,0.00192,0,0,0,0,0,0,0,0,0,0,0.00192,0,0,0,0,0,0,0,0.0231,0,0,0,0,0,0,0,0,0,0,0,0,0.00192,0.00192,0,0,0,0,0,0.00192,0.00192,0,0,0.00192,0,0,0,0.00192,0,0.00192,0.00192,0,0,0.00192,0.00192,0,0.00192,0,0.00192,0,0.00385,0,0,0,0,0,0,0,0,0,0,0,0,0,0,0,0,0,0,0,0,0,0,0,0,0.00192,0,0.00192,0,0,0,0,0,0,0,0,0.00192,0,0,0,0,0,0.00192,0.0942,0.00192,0,0.00577,0,0,0,0.00385,0,0,0.00192,0.00192,0.00192,0.00192,0,0.00192,0.00192,0.00577,0.00385,0,0,0,0.00192,0.00192,0.0115,0.00192,0.00577,0.00192,0.985,0,0,0.00385,0.00577,0.00192,0,0,0,0,0.0154,0.00385,0.0192,0.00577,0.0173,0.0115,0.0135,0.00385,0.0192,0.00769,0.00962,0.0115,0.0115,0.00192,0.00769,0.00962,0.00192,0.0115,0.0385,0.0423,0.0115,7.03,0.00962,0.0269,0.00385,0.0115,0.0135,0.0192,0.0327,0.0404,0.0173,0.0173,0.00962,0.0154,0.0212,0.00192,0.00192,0,0,0,0,0,0,0,0,0,0,0,0,0,0,0,0,0,0,0,0,0,0,0,0,0,0,0,0,0,0.00192,0,0,0,0,0,0,0,0,0,0,0,0,0,0,0,0,0,0,0,0,0,0,0,0,0,0,0,0,0,0,0,0,0,0,0,0,0,0,0,0,0,0,0,0,0,0,0,0,0,0,0,0,0,0,0,0,0,0,0,0,0,0,0,0,0,0,0,0,0.00192,0,0,0,0,0,0,0.00192,0,0,0,0,0,0.00192,0,0,0,0.00192,0,0,0,0,0,0,0,0,0,0,0,0,0,0,0,0,0,0,0.00385,0,0,0,0,0,0,0,0.00385,0,0,0,0,0,0,0,0,0,0,0,0,0,0,0,0,0,0,0,0,0,0,0,0,0,0,0,0,0,0,0,0,0,0,0,0,0,0,0,0,0,0,0,0,0,0,0,0,0,0,0,0,0,0,0,0,0,0.00192,0,0,0.00192,0,0,0,0.208,0,0,0,0,0,0,0,0,0,0,0,0.2
Rhizobiales,0,0,0,0.00192,0,0,0,0,0,0.00192,0,0.00192,0,0,0,0,0,0,0,0,0,0,0,0,0,0,0,0,0,0,0,0,0,0,0,0,0.00385,0,0,0,0,0,0,0,0,0,0,0,0,0,0,0,0,0,0,0,0,0,0,0,0,0,0,0,0,0,1.86,0,0,0,0,0,0,0,0,0,0,0,0,0,0,0,0,0,0,0,0,0,0,0,0,0,0,0,0,0,0,0,0,0,0,0,0,0,0,0,0,0,0,0,0,0,0,0,0,0,0,0,0,0,0.00769,0,0,0,0,0,0,0,0,0,0,0,0,0.00192,0,0.00192,0,0,0,0,0,0.00192,0.00192,0,0,0,0,0,0,0,0,0,0,0,0,0,0,0,0,0,0,0,0.00192,0,0,0,0,0,0,0,0,0,0,0,0,0,0,0,0,0,0,0,0,0,0,0,0,0.00192,0,0,0,0,0,0,0,0,0,0,0,0,0,0,0,0,0,0,0,0,0,0,0,0,0.00577,0,0,0,0,0.00192,0,0.00385,0,0,0,0,0,0,0,0,0,0.00192,0.00192,0,0.00192,0,0,0,0,0,0,0,0,0,0,0.00192,0,0,0,0,0,0,0.00192,0.00192,0,0,0,0,0,0,0,0,0,0,0,0,0,0,0,0,0,0,0,0,0,0,0,0,0,0,0.00192,0,0,0,0,0,0,0,0.0231,0,0,0,0,0,0,0,0,0,0,0,0,0,0,0,0,0,0,0,0,0,0,0,0,0,0,0,0,0,0,0,0,0,0,0,0,0,0,0,0,0,0,0,0,0,0.00192,0,0,0,0,0,0,0,0,0,0,0,0,0,0,0,0,0,0,0,0,0,0,0,0,0,0,0.00192,0,0,0,0,0,0,0,0,0,0,0,0,0,0,0,0,0,0,0.0135,0,0,0,0.00192,0,0,0.00192,0,0,0,0,0,0.00577,0,0,0,0.00962,0,0,0,0,0,0,0,0,0,0,0,0,0,0,0,0.00192,0,0,0,0,0,0,0,0,0,0,0,0,0,0,0,0,0,0,0,0,0,0,0,0,0,0,0.00192,0.00192,0,0,0,0,0,0,0,0,0,0,0,0,0,0,0,0,0,0,0.2
Aeromonadales,0.00192,0.00577,0.00192,0,0,0.0288,0,0,0.00385,0.00192,0,0,0,0,0,0.00192,0,0.00192,0,0.00192,0,0,0.00192,0,0,0,0.00385,0.00192,0.00192,0.0269,0,0,0.00192,0,0,0.0442,0.00192,0.00385,0,0.00192,0.00192,0.00192,0,0,0,0,0,0,0.00192,0.00192,0,0.00192,0,0,0.00192,0.00192,0,0,0,0,0,0,0.00192,0.00192,0.00385,0.00192,0.0731,0.00192,0.00192,0,0,0,0.00192,0.00192,0,0,0,0,0,0,0.00385,0,0.00192,0,0.00192,0,0,0.00192,0,0,0.00192,0,0.00192,0.0115,0.00192,0.00577,0.00192,0.00385,0.00192,0.00192,0.00192,0.00192,0,0,0,0.00192,0,0.0154,0,0.00192,0,0.00192,0,0,0.00192,0,0,0.00192,0.00192,0,0,0,0,0,0,0,0.00385,0.00385,0.00962,0.0173,0,0.00385,0,0.0462,0,0,0.00192,0,0.00192,0.00385,0,0,0.00385,0,0,0.00192,0.00192,0.00192,0.00385,0,0,0,0,0,0,0.00192,0.0192,0,0,0.00385,0,0.00962,0.00192,0.00577,0.00577,0,0,0,0.0327,0,0.00192,0,0,0,0,0.00192,0,0,0,0.00769,0,0,0.00192,0,0,0,0,0.00385,0,0.00192,0,0.00192,0.00192,0.00385,0.00385,0.00192,0,0,0,0.00769,0.00192,0.0135,0.00577,0.00385,0.00385,0.00385,0.00769,0.0192,0.00192,0,0,0,0,0.00192,0,0,0.00192,0,0,0.00192,0.00577,0.00192,0,0,0,0,0.00385,0,0.00192,0.00192,0,0,0,0,0.00192,0,0,0,0,0.00577,0.00577,0.00192,0.00192,0,0.00192,0.0269,0,0.00192,0,0,0,0.00192,0,0,0,0.00385,0,0,0,0.00192,0,0.00192,0,0.0154,0,0,0,0.00192,0,0,0,0.00577,0.00385,0.00192,0.00577,0,0,0,0,0,0,0,0,0,0,0,0.00577,0.00192,0.00577,0.00192,0,0.0212,0,0.00192,0.00192,0,0.00192,0.00192,0.00385,0.00577,0.00192,0,0,0.00192,0,0,0,0.00577,0,0,0,0.00192,0,0,0.00577,0.00192,0,0,0,0.00385,0,0.00769,0,0,0.00192,0.025,0.00192,0.00192,0,0,0.00192,0,0.00192,0,0,0,0,0.00192,0,0,0,0,0,0,0,0,0,0,0,0,0,0,0.00192,0,0,0,0,0.0212,0,0,0.00769,0,0,0,0,0.00192,0,0.00192,0,0,0,0,0.00192,0,0,0.00192,0,0,0,0,0,0,0,0,0,0,0,0,0.00577,0,0.00192,0,0.00385,0.00577,0.0154,0.119,0.00385,0.00577,0.00192,0,0.288,0,0.281,0.00385,0.00192,0,0.00192,0.00385,0.00192,0.00385,0.0865,0.00192,0.00192,0,0.552,0.00192,0.00192,0.00192,0.00385,0.00385,0,0.00192,0,0.00192,0.00192,0,0.0135,0,0.00192,0,0.00577,0,0.00385,0.00192,0.00192,0,0.00192,0.00385,0,0.00385,0.00192,0.00192,0,0,0,0,0,0,0,0.00577,0,0.00769,0,0,0.00192,0.00192,0.00385,0.00192,0.2
Nitrososphaerales,0.00192,0.00769,0,0,0.00769,0.00962,0.00385,0.00385,0,0.00192,0.00577,0.00385,0.00192,0.00769,0.00962,0.00577,0.00577,0.0154,0.00577,0,0.00385,0,0.00769,0.00192,0.00769,0.00385,0.00192,0.00192,0.0115,0.0115,0.00769,0.00192,0.00577,0.00577,0.00385,0.00769,0.00385,0,0.0212,0.00577,0.00577,0.00577,0.00577,0.00385,0,0.00577,0.00192,0.0135,0,0.00192,0,0.00192,0.00769,0.0154,0.00769,0.00385,0.00385,0.00769,0.00769,0,0.00769,0.00192,0.00385,0.00577,0,0.00577,0.0173,0.00192,0.00962,0.00577,0,0.00577,0.00577,0.0365,0.00385,0.00192,0.00577,0.00385,0.00192,0.00385,0.00385,0.00192,0.00192,0.0173,0.00962,0.00385,0.0135,0.0192,0.00192,0.00769,0.0115,0,0.00385,0.00385,0.00769,0,0.00769,0,0.00577,0.00385,0,0.00385,0.0115,0.00192,0.00577,0.00769,0.00577,0.00962,0.00962,0.00769,0.0173,0.0135,0.00769,0.0135,0.00385,0.00769,0.0115,0,0.0115,0.00192,0.00577,0.00577,0.0231,0.00769,0,0.00385,0.00192,0.00577,0.00577,0.00192,0.0115,0.00385,0.00385,0.0154,0.00577,0.00769,0.00769,0.00769,0.00385,0.0115,0.00769,0.00385,0.0115,0.00769,0.0115,0.00962,0.00962,0.0154,0.0212,0.0192,0.0212,0.0135,0.0115,0.00385,0.00769,0.00577,0.00577,0.00577,0.00769,0.00962,0,0.00192,0.0115,0.0115,0,0.00385,0.00192,0.00769,0.00769,0,0.00385,0,0.00577,0.00577,0.00385,0.00577,0.00962,0.00385,0.00962,0.00769,0.00577,0.00577,0.00769,0.0173,0.0173,0.00385,0.00192,0.00769,0.00962,0.00577,0.00962,0.00192,0.00577,0.00769,0.00192,0.00769,0.00385,0.00769,0.00385,0.0115,0.00577,0.00577,0.00385,0,0.00769,0.00385,0.0135,0.00769,0.0173,0.00962,0.00385,0.00385,0.00385,0.00769,0.00769,0.00769,0.00769,0.0135,0.0135,0.00962,0.0231,0.0269,0.00769,0.0135,0.0135,0.0154,0.0115,0.00577,0.00769,0.00962,0,0.00962,0.0115,0.0135,0.0135,0.0173,0.0135,0.00577,0.00385,0.00385,0.00385,0,0.00769,0,0.00385,0.00192,0.00962,0.00385,0.00577,0,0.00192,0.00769,0.00385,0.00577,0.0135,0.00192,0.0135,0.00385,0.00962,0.00192,0.00769,0.0115,0.00385,0.00192,0.00385,0.00385,0.00192,0.00577,0.00385,0.00192,0.00192,0.00577,0,0.00769,0.00385,0.00385,0.00192,0.00577,0.00769,0.0135,0.00577,0.00577,0,0.0173,0.00962,0,0.00769,0,0,0.0115,0.00385,0.00962,0.00192,0.00192,0.00577,0.00769,0.00192,0.0135,0.00385,0.00769,0.0115,0.00192,0.00962,0.00385,0.00962,0.00962,0.00769,0.00962,0.00962,0.00192,0.00385,0.00385,0,0.00962,0.00577,0.00962,0.00192,0.00769,0.00385,0,0.00385,0.00385,0.00192,0.00192,0.00385,0.00962,0.00192,0.00192,0.00385,0.00192,0.00192,0.00769,0.00192,0.00385,0,0.0115,0.00962,0.0135,0.0154,0.00962,0.00192,0.00192,0.00385,0,0.00385,0.00192,0,0.00577,0.00385,0,0,0.00385,0.00192,0.00385,0.00192,0.00385,0.00577,0.0115,0.00192,0.00192,0.00192,0.00385,0.00192,0.00577,0.00385,0,0.00192,0.00385,0.00192,0.00577,0.00962,0.00577,0,0.00577,0.00385,0.00577,0,0.00962,0,0.00192,0.00192,0.00385,0.00577,0.00577,0.00385,0.00385,0.00192,0.00192,0.00577,0.00577,0.00385,0.00192,0.00385,0.00962,0.0115,0.00385,0,0.00192,0,0,0.00962,0.00385,0.00385,0.00192,0.00385,0.0115,0.00769,0.00385,0.00962,0.00769,0.00577,0.00385,0.00577,0.00385,0.00192,0.00192,0.00192,0.00385,0,0.00192,0,0,0.00385,0.00192,0,0.00192,0.00769,0.00577,0,0.00962,0,0,0.00192,0.00385,0.00192,0,0.00192,0.00769,0.00385,0.00192,0.00577,0.00577,0.00962,0.00192,0.00385,0.00385,0.00577,0.00577,0.00192,0,0,0.00192,0.00385,0,0.00192,0,0.00385,0.00385,0.2